Sample_ID,Sample_Name,Sample_Name2,I7_Index_ID,index,I5_Index_ID,index2,Sample_Project,Description,sample_nc,date,time,filt045_ml,filt022_ml,plot,treatment
CMR-009-S001,Euk-P1-01,S001,A701,ATCACGAC,D501,TATAGCCT,CERrice_eDNA_2019,Euk-P1-01,sample,2019/05/20,11:56,100,30,1,CT
CMR-009-S002,Euk-P1-02,S002,A701,ATCACGAC,D502,ATAGAGGC,CERrice_eDNA_2019,Euk-P1-02,sample,2019/05/21,9:33,100,30,1,CT
CMR-009-S003,Euk-P1-03,S003,A701,ATCACGAC,D503,CCTATCCT,CERrice_eDNA_2019,Euk-P1-03,sample,2019/05/28,9:31,100,30,1,CT
CMR-009-S004,Euk-P1-04,S004,A701,ATCACGAC,D504,GGCTCTGA,CERrice_eDNA_2019,Euk-P1-04,sample,2019/06/04,9:30,100,30,1,CT
CMR-009-S005,Euk-P1-05,S005,A701,ATCACGAC,D505,AGGCGAAG,CERrice_eDNA_2019,Euk-P1-05,sample,2019/06/11,9:05,100,30,1,CT
CMR-009-S006,Euk-P1-06,S006,A701,ATCACGAC,D506,TAATCTTA,CERrice_eDNA_2019,Euk-P1-06,sample,2019/06/18,8:51,100,30,1,CT
CMR-009-S007,Euk-P1-07,S007,A701,ATCACGAC,D507,CAGGACGT,CERrice_eDNA_2019,Euk-P1-07,sample,2019/06/19,8:46,100,30,1,CT
CMR-009-S008,Euk-P1-08,S008,A701,ATCACGAC,D508,GTACTGAC,CERrice_eDNA_2019,Euk-P1-08,sample,2019/06/20,8:28,100,30,1,CT
CMR-009-S009,Euk-P1-09,S009,A702,ACAGTGGT,D501,TATAGCCT,CERrice_eDNA_2019,Euk-P1-09,sample,2019/06/21,8:23,100,30,1,CT
CMR-009-S010,Euk-P1-10,S010,A702,ACAGTGGT,D502,ATAGAGGC,CERrice_eDNA_2019,Euk-P1-10,sample,2019/06/22,8:48,100,30,1,CT
CMR-009-S011,Euk-P1-11,S011,A702,ACAGTGGT,D503,CCTATCCT,CERrice_eDNA_2019,Euk-P1-11,sample,2019/06/23,8:24,100,30,1,CT
CMR-009-S012,Euk-P1-12,S012,A702,ACAGTGGT,D504,GGCTCTGA,CERrice_eDNA_2019,Euk-P1-12,sample,2019/06/24,8:16,100,30,1,CT
CMR-009-S013,Euk-P1-13,S013,A702,ACAGTGGT,D505,AGGCGAAG,CERrice_eDNA_2019,Euk-P1-13,sample,2019/06/25,8:23,100,30,1,CT
CMR-009-S014,Euk-P1-14,S014,A702,ACAGTGGT,D506,TAATCTTA,CERrice_eDNA_2019,Euk-P1-14,sample,2019/06/26,8:28,100,30,1,CT
CMR-009-S015,Euk-P1-15,S015,A702,ACAGTGGT,D507,CAGGACGT,CERrice_eDNA_2019,Euk-P1-15,sample,2019/06/27,8:27,100,30,1,CT
CMR-009-S016,Euk-P1-16,S016,A702,ACAGTGGT,D508,GTACTGAC,CERrice_eDNA_2019,Euk-P1-16,sample,2019/06/28,8:35,100,30,1,CT
CMR-009-S017,Euk-P1-17,S017,A703,CAGATCCA,D501,TATAGCCT,CERrice_eDNA_2019,Euk-P1-17,sample,2019/06/29,8:33,100,30,1,CT
CMR-009-S018,Euk-P1-18,S018,A703,CAGATCCA,D502,ATAGAGGC,CERrice_eDNA_2019,Euk-P1-18,sample,2019/06/30,8:37,100,30,1,CT
CMR-009-S019,Euk-P1-19,S019,A703,CAGATCCA,D503,CCTATCCT,CERrice_eDNA_2019,Euk-P1-19,sample,2019/07/01,8:30,100,30,1,CT
CMR-009-S020,Euk-P1-20,S020,A703,CAGATCCA,D504,GGCTCTGA,CERrice_eDNA_2019,Euk-P1-20,sample,2019/07/02,8:22,100,30,1,CT
CMR-009-S021,Euk-P1-21,S021,A703,CAGATCCA,D505,AGGCGAAG,CERrice_eDNA_2019,Euk-P1-21,sample,2019/07/03,8:16,100,30,1,CT
CMR-009-S022,Euk-P1-22,S022,A703,CAGATCCA,D506,TAATCTTA,CERrice_eDNA_2019,Euk-P1-22,sample,2019/07/04,8:25,100,30,1,CT
CMR-009-S023,Euk-P1-23,S023,A703,CAGATCCA,D507,CAGGACGT,CERrice_eDNA_2019,Euk-P1-23,sample,2019/07/05,8:19,100,30,1,CT
CMR-009-S024,Euk-P1-24,S024,A703,CAGATCCA,D508,GTACTGAC,CERrice_eDNA_2019,Euk-P1-24,sample,2019/07/06,8:47,100,30,1,CT
CMR-009-S025,Euk-P1-25,S025,A704,ACAAACGG,D501,TATAGCCT,CERrice_eDNA_2019,Euk-P1-25,sample,2019/07/07,8:28,100,30,1,CT
CMR-009-S026,Euk-P1-26,S026,A704,ACAAACGG,D502,ATAGAGGC,CERrice_eDNA_2019,Euk-P1-26,sample,2019/07/08,8:22,100,30,1,CT
CMR-009-S027,Euk-P1-27,S027,A704,ACAAACGG,D503,CCTATCCT,CERrice_eDNA_2019,Euk-P1-27,sample,2019/07/09,8:22,100,30,1,CT
CMR-009-S028,Euk-P1-28,S028,A704,ACAAACGG,D504,GGCTCTGA,CERrice_eDNA_2019,Euk-P1-28,sample,2019/07/10,8:22,100,30,1,CT
CMR-009-S029,Euk-P1-29,S029,A704,ACAAACGG,D505,AGGCGAAG,CERrice_eDNA_2019,Euk-P1-29,sample,2019/07/11,8:15,100,30,1,CT
CMR-009-S030,Euk-P1-30,S030,A704,ACAAACGG,D506,TAATCTTA,CERrice_eDNA_2019,Euk-P1-30,sample,2019/07/12,8:29,60,30,1,CT
CMR-009-S031,Euk-P1-31,S031,A704,ACAAACGG,D507,CAGGACGT,CERrice_eDNA_2019,Euk-P1-31,sample,2019/07/16,8:24,100,30,1,CT
CMR-009-S032,Euk-P1-32,S032,A704,ACAAACGG,D508,GTACTGAC,CERrice_eDNA_2019,Euk-P1-32,sample,2019/07/23,8:41,100,30,1,CT
CMR-009-S033,Euk-P1-33,S033,A705,ACCCAGCA,D501,TATAGCCT,CERrice_eDNA_2019,Euk-P1-33,sample,2019/08/05,9:58,100,30,1,CT
CMR-009-S034,Euk-P1-34,S034,A705,ACCCAGCA,D502,ATAGAGGC,CERrice_eDNA_2019,Euk-P1-34,sample,2019/08/20,9:15,100,30,1,CT
CMR-009-S035,Euk-P1-35,S035,A705,ACCCAGCA,D503,CCTATCCT,CERrice_eDNA_2019,Euk-P1-35,sample,2019/09/02,9:07,40,30,1,CT
CMR-009-S036,Euk-P1-36,S036,A705,ACCCAGCA,D504,GGCTCTGA,CERrice_eDNA_2019,Euk-P1-36,sample,2019/09/16,8:19,100,30,1,CT
CMR-009-S037,Euk-P1-stdNC-1,S037,A705,ACCCAGCA,D505,AGGCGAAG,CERrice_eDNA_2019,Euk-P1-stdNC-1,std_nc,NA,NA,NA,NA,1,NA
CMR-009-S038,Euk-P1-stdNC-2,S038,A705,ACCCAGCA,D506,TAATCTTA,CERrice_eDNA_2019,Euk-P1-stdNC-2,std_nc,NA,NA,NA,NA,1,NA
CMR-009-S039,Euk-P1-pcrNC-1,S039,A705,ACCCAGCA,D507,CAGGACGT,CERrice_eDNA_2019,Euk-P1-pcrNC-1,pcr_nc,NA,NA,NA,NA,1,NA
CMR-009-S040,Euk-P1-pcrNC-2,S040,A705,ACCCAGCA,D508,GTACTGAC,CERrice_eDNA_2019,Euk-P1-pcrNC-2,pcr_nc,NA,NA,NA,NA,1,NA
CMR-009-S041,Euk-P2-01,S041,A706,AACCCCTC,D501,TATAGCCT,CERrice_eDNA_2019,Euk-P2-01,sample,2019/05/20,11:57,100,30,2,PN
CMR-009-S042,Euk-P2-02,S042,A706,AACCCCTC,D502,ATAGAGGC,CERrice_eDNA_2019,Euk-P2-02,sample,2019/05/21,9:33,100,30,2,PN
CMR-009-S043,Euk-P2-03,S043,A706,AACCCCTC,D503,CCTATCCT,CERrice_eDNA_2019,Euk-P2-03,sample,2019/05/28,9:31,100,30,2,PN
CMR-009-S044,Euk-P2-04,S044,A706,AACCCCTC,D504,GGCTCTGA,CERrice_eDNA_2019,Euk-P2-04,sample,2019/06/04,9:31,80,30,2,PN
CMR-009-S045,Euk-P2-05,S045,A706,AACCCCTC,D505,AGGCGAAG,CERrice_eDNA_2019,Euk-P2-05,sample,2019/06/11,9:05,100,30,2,PN
CMR-009-S046,Euk-P2-06,S046,A706,AACCCCTC,D506,TAATCTTA,CERrice_eDNA_2019,Euk-P2-06,sample,2019/06/18,8:51,100,30,2,PN
CMR-009-S047,Euk-P2-07,S047,A706,AACCCCTC,D507,CAGGACGT,CERrice_eDNA_2019,Euk-P2-07,sample,2019/06/19,8:46,100,30,2,PN
CMR-009-S048,Euk-P2-08,S048,A706,AACCCCTC,D508,GTACTGAC,CERrice_eDNA_2019,Euk-P2-08,sample,2019/06/20,8:28,100,30,2,PN
CMR-009-S049,Euk-P2-09,S049,A707,CCCAACCT,D501,TATAGCCT,CERrice_eDNA_2019,Euk-P2-09,sample,2019/06/21,8:24,100,30,2,PN
CMR-009-S050,Euk-P2-10,S050,A707,CCCAACCT,D502,ATAGAGGC,CERrice_eDNA_2019,Euk-P2-10,sample,2019/06/22,8:48,100,30,2,PN
CMR-009-S051,Euk-P2-11,S051,A707,CCCAACCT,D503,CCTATCCT,CERrice_eDNA_2019,Euk-P2-11,sample,2019/06/23,8:24,100,30,2,PN
CMR-009-S052,Euk-P2-12,S052,A707,CCCAACCT,D504,GGCTCTGA,CERrice_eDNA_2019,Euk-P2-12,sample,2019/06/24,8:16,100,30,2,PN
CMR-009-S053,Euk-P2-13,S053,A707,CCCAACCT,D505,AGGCGAAG,CERrice_eDNA_2019,Euk-P2-13,sample,2019/06/25,8:23,100,30,2,PN
CMR-009-S054,Euk-P2-14,S054,A707,CCCAACCT,D506,TAATCTTA,CERrice_eDNA_2019,Euk-P2-14,sample,2019/06/26,8:29,100,30,2,PN
CMR-009-S055,Euk-P2-15,S055,A707,CCCAACCT,D507,CAGGACGT,CERrice_eDNA_2019,Euk-P2-15,sample,2019/06/27,8:28,100,30,2,PN
CMR-009-S056,Euk-P2-16,S056,A707,CCCAACCT,D508,GTACTGAC,CERrice_eDNA_2019,Euk-P2-16,sample,2019/06/28,8:36,100,30,2,PN
CMR-009-S057,Euk-P2-17,S057,A708,CACCACAC,D501,TATAGCCT,CERrice_eDNA_2019,Euk-P2-17,sample,2019/06/29,8:34,100,30,2,PN
CMR-009-S058,Euk-P2-18,S058,A708,CACCACAC,D502,ATAGAGGC,CERrice_eDNA_2019,Euk-P2-18,sample,2019/06/30,8:39,100,30,2,PN
CMR-009-S059,Euk-P2-19,S059,A708,CACCACAC,D503,CCTATCCT,CERrice_eDNA_2019,Euk-P2-19,sample,2019/07/01,8:37,100,30,2,PN
CMR-009-S060,Euk-P2-20,S060,A708,CACCACAC,D504,GGCTCTGA,CERrice_eDNA_2019,Euk-P2-20,sample,2019/07/02,8:30,100,30,2,PN
CMR-009-S061,Euk-P2-21,S061,A708,CACCACAC,D505,AGGCGAAG,CERrice_eDNA_2019,Euk-P2-21,sample,2019/07/03,8:26,100,30,2,PN
CMR-009-S062,Euk-P2-22,S062,A708,CACCACAC,D506,TAATCTTA,CERrice_eDNA_2019,Euk-P2-22,sample,2019/07/04,8:32,100,30,2,PN
CMR-009-S063,Euk-P2-23,S063,A708,CACCACAC,D507,CAGGACGT,CERrice_eDNA_2019,Euk-P2-23,sample,2019/07/05,8:27,100,30,2,PN
CMR-009-S064,Euk-P2-24,S064,A708,CACCACAC,D508,GTACTGAC,CERrice_eDNA_2019,Euk-P2-24,sample,2019/07/06,8:55,100,30,2,PN
CMR-009-S065,Euk-P2-25,S065,A709,GAAACCCA,D501,TATAGCCT,CERrice_eDNA_2019,Euk-P2-25,sample,2019/07/07,8:36,100,30,2,PN
CMR-009-S066,Euk-P2-26,S066,A709,GAAACCCA,D502,ATAGAGGC,CERrice_eDNA_2019,Euk-P2-26,sample,2019/07/08,8:28,100,30,2,PN
CMR-009-S067,Euk-P2-27,S067,A709,GAAACCCA,D503,CCTATCCT,CERrice_eDNA_2019,Euk-P2-27,sample,2019/07/09,8:28,100,30,2,PN
CMR-009-S068,Euk-P2-28,S068,A709,GAAACCCA,D504,GGCTCTGA,CERrice_eDNA_2019,Euk-P2-28,sample,2019/07/10,8:28,100,30,2,PN
CMR-009-S069,Euk-P2-29,S069,A709,GAAACCCA,D505,AGGCGAAG,CERrice_eDNA_2019,Euk-P2-29,sample,2019/07/11,8:23,100,30,2,PN
CMR-009-S070,Euk-P2-30,S070,A709,GAAACCCA,D506,TAATCTTA,CERrice_eDNA_2019,Euk-P2-30,sample,2019/07/12,8:37,100,30,2,PN
CMR-009-S071,Euk-P2-31,S071,A709,GAAACCCA,D507,CAGGACGT,CERrice_eDNA_2019,Euk-P2-31,sample,2019/07/16,8:33,100,30,2,PN
CMR-009-S072,Euk-P2-32,S072,A709,GAAACCCA,D508,GTACTGAC,CERrice_eDNA_2019,Euk-P2-32,sample,2019/07/23,8:50,100,30,2,PN
CMR-009-S073,Euk-P2-33,S073,A710,TGTGACCA,D501,TATAGCCT,CERrice_eDNA_2019,Euk-P2-33,sample,2019/08/05,10:06,100,30,2,PN
CMR-009-S074,Euk-P2-34,S074,A710,TGTGACCA,D502,ATAGAGGC,CERrice_eDNA_2019,Euk-P2-34,sample,2019/08/20,9:24,100,30,2,PN
CMR-009-S075,Euk-P2-35,S075,A710,TGTGACCA,D503,CCTATCCT,CERrice_eDNA_2019,Euk-P2-35,sample,2019/09/02,9:14,100,30,2,PN
CMR-009-S076,Euk-P2-36,S076,A710,TGTGACCA,D504,GGCTCTGA,CERrice_eDNA_2019,Euk-P2-36,sample,2019/09/16,8:28,100,30,2,PN
CMR-009-S077,Euk-P2-stdNC-1,S077,A710,TGTGACCA,D505,AGGCGAAG,CERrice_eDNA_2019,Euk-P2-stdNC-1,std_nc,NA,NA,NA,NA,2,NA
CMR-009-S078,Euk-P2-stdNC-2,S078,A710,TGTGACCA,D506,TAATCTTA,CERrice_eDNA_2019,Euk-P2-stdNC-2,std_nc,NA,NA,NA,NA,2,NA
CMR-009-S079,Euk-P2-pcrNC-1,S079,A710,TGTGACCA,D507,CAGGACGT,CERrice_eDNA_2019,Euk-P2-pcrNC-1,pcr_nc,NA,NA,NA,NA,2,NA
CMR-009-S080,Euk-P2-pcrNC-2,S080,A710,TGTGACCA,D508,GTACTGAC,CERrice_eDNA_2019,Euk-P2-pcrNC-2,pcr_nc,NA,NA,NA,NA,2,NA
CMR-009-S081,Euk-P3-01,S081,A711,AGGGTCAA,D501,TATAGCCT,CERrice_eDNA_2019,Euk-P3-01,sample,2019/05/20,11:57,100,30,3,RM
CMR-009-S082,Euk-P3-02,S082,A711,AGGGTCAA,D502,ATAGAGGC,CERrice_eDNA_2019,Euk-P3-02,sample,2019/05/21,9:34,100,30,3,RM
CMR-009-S083,Euk-P3-03,S083,A711,AGGGTCAA,D503,CCTATCCT,CERrice_eDNA_2019,Euk-P3-03,sample,2019/05/28,9:32,100,30,3,RM
CMR-009-S084,Euk-P3-04,S084,A711,AGGGTCAA,D504,GGCTCTGA,CERrice_eDNA_2019,Euk-P3-04,sample,2019/06/04,9:32,90,30,3,RM
CMR-009-S085,Euk-P3-05,S085,A711,AGGGTCAA,D505,AGGCGAAG,CERrice_eDNA_2019,Euk-P3-05,sample,2019/06/11,9:06,100,30,3,RM
CMR-009-S086,Euk-P3-06,S086,A711,AGGGTCAA,D506,TAATCTTA,CERrice_eDNA_2019,Euk-P3-06,sample,2019/06/18,8:52,100,30,3,RM
CMR-009-S087,Euk-P3-07,S087,A711,AGGGTCAA,D507,CAGGACGT,CERrice_eDNA_2019,Euk-P3-07,sample,2019/06/19,8:47,100,30,3,RM
CMR-009-S088,Euk-P3-08,S088,A711,AGGGTCAA,D508,GTACTGAC,CERrice_eDNA_2019,Euk-P3-08,sample,2019/06/20,8:29,100,30,3,RM
CMR-009-S089,Euk-P3-09,S089,A712,AGGAGTGG,D501,TATAGCCT,CERrice_eDNA_2019,Euk-P3-09,sample,2019/06/21,8:26,100,30,3,RM
CMR-009-S090,Euk-P3-10,S090,A712,AGGAGTGG,D502,ATAGAGGC,CERrice_eDNA_2019,Euk-P3-10,sample,2019/06/22,8:49,100,30,3,RM
CMR-009-S091,Euk-P3-11,S091,A712,AGGAGTGG,D503,CCTATCCT,CERrice_eDNA_2019,Euk-P3-11,sample,2019/06/23,8:25,100,30,3,RM
CMR-009-S092,Euk-P3-12,S092,A712,AGGAGTGG,D504,GGCTCTGA,CERrice_eDNA_2019,Euk-P3-12,sample,2019/06/24,8:17,100,30,3,RM
CMR-009-S093,Euk-P3-13,S093,A712,AGGAGTGG,D505,AGGCGAAG,CERrice_eDNA_2019,Euk-P3-13,sample,2019/06/25,8:24,100,30,3,RM
CMR-009-S094,Euk-P3-14,S094,A712,AGGAGTGG,D506,TAATCTTA,CERrice_eDNA_2019,Euk-P3-14,sample,2019/06/26,8:30,100,30,3,RM
CMR-009-S095,Euk-P3-15,S095,A712,AGGAGTGG,D507,CAGGACGT,CERrice_eDNA_2019,Euk-P3-15,sample,2019/06/27,8:30,100,30,3,RM
CMR-009-S096,Euk-P3-16,S096,A712,AGGAGTGG,D508,GTACTGAC,CERrice_eDNA_2019,Euk-P3-16,sample,2019/06/28,8:37,100,30,3,RM
CMR-009-S097,Euk-P3-17,S097,D701,ATTACTCG,D501,TATAGCCT,CERrice_eDNA_2019,Euk-P3-17,sample,2019/06/29,8:36,100,30,3,RM
CMR-009-S098,Euk-P3-18,S098,D701,ATTACTCG,D502,ATAGAGGC,CERrice_eDNA_2019,Euk-P3-18,sample,2019/06/30,8:42,100,30,3,RM
CMR-009-S099,Euk-P3-19,S099,D701,ATTACTCG,D503,CCTATCCT,CERrice_eDNA_2019,Euk-P3-19,sample,2019/07/01,8:33,100,30,3,RM
CMR-009-S100,Euk-P3-20,S100,D701,ATTACTCG,D504,GGCTCTGA,CERrice_eDNA_2019,Euk-P3-20,sample,2019/07/02,8:26,100,30,3,RM
CMR-009-S101,Euk-P3-21,S101,D701,ATTACTCG,D505,AGGCGAAG,CERrice_eDNA_2019,Euk-P3-21,sample,2019/07/03,8:21,100,30,3,RM
CMR-009-S102,Euk-P3-22,S102,D701,ATTACTCG,D506,TAATCTTA,CERrice_eDNA_2019,Euk-P3-22,sample,2019/07/04,8:28,100,30,3,RM
CMR-009-S103,Euk-P3-23,S103,D701,ATTACTCG,D507,CAGGACGT,CERrice_eDNA_2019,Euk-P3-23,sample,2019/07/05,8:23,100,30,3,RM
CMR-009-S104,Euk-P3-24,S104,D701,ATTACTCG,D508,GTACTGAC,CERrice_eDNA_2019,Euk-P3-24,sample,2019/07/06,8:51,100,30,3,RM
CMR-009-S105,Euk-P3-25,S105,D702,TCCGGAGA,D501,TATAGCCT,CERrice_eDNA_2019,Euk-P3-25,sample,2019/07/07,8:32,100,30,3,RM
CMR-009-S106,Euk-P3-26,S106,D702,TCCGGAGA,D502,ATAGAGGC,CERrice_eDNA_2019,Euk-P3-26,sample,2019/07/08,8:25,100,30,3,RM
CMR-009-S107,Euk-P3-27,S107,D702,TCCGGAGA,D503,CCTATCCT,CERrice_eDNA_2019,Euk-P3-27,sample,2019/07/09,8:25,100,30,3,RM
CMR-009-S108,Euk-P3-28,S108,D702,TCCGGAGA,D504,GGCTCTGA,CERrice_eDNA_2019,Euk-P3-28,sample,2019/07/10,8:25,70,30,3,RM
CMR-009-S109,Euk-P3-29,S109,D702,TCCGGAGA,D505,AGGCGAAG,CERrice_eDNA_2019,Euk-P3-29,sample,2019/07/11,8:19,100,30,3,RM
CMR-009-S110,Euk-P3-30,S110,D702,TCCGGAGA,D506,TAATCTTA,CERrice_eDNA_2019,Euk-P3-30,sample,2019/07/12,8:33,80,30,3,RM
CMR-009-S111,Euk-P3-31,S111,D702,TCCGGAGA,D507,CAGGACGT,CERrice_eDNA_2019,Euk-P3-31,sample,2019/07/16,8:28,100,30,3,RM
CMR-009-S112,Euk-P3-32,S112,D702,TCCGGAGA,D508,GTACTGAC,CERrice_eDNA_2019,Euk-P3-32,sample,2019/07/23,8:45,100,30,3,RM
CMR-009-S113,Euk-P3-33,S113,D703,CGCTCATT,D501,TATAGCCT,CERrice_eDNA_2019,Euk-P3-33,sample,2019/08/05,10:02,100,30,3,RM
CMR-009-S114,Euk-P3-34,S114,D703,CGCTCATT,D502,ATAGAGGC,CERrice_eDNA_2019,Euk-P3-34,sample,2019/08/20,9:19,100,30,3,RM
CMR-009-S115,Euk-P3-35,S115,D703,CGCTCATT,D503,CCTATCCT,CERrice_eDNA_2019,Euk-P3-35,sample,2019/09/02,9:10,70,30,3,RM
CMR-009-S116,Euk-P3-36,S116,D703,CGCTCATT,D504,GGCTCTGA,CERrice_eDNA_2019,Euk-P3-36,sample,2019/09/16,8:23,80,30,3,RM
CMR-009-S117,Euk-P3-stdNC-1,S117,D703,CGCTCATT,D505,AGGCGAAG,CERrice_eDNA_2019,Euk-P3-stdNC-1,std_nc,NA,NA,NA,NA,3,NA
CMR-009-S118,Euk-P3-stdNC-2,S118,D703,CGCTCATT,D506,TAATCTTA,CERrice_eDNA_2019,Euk-P3-stdNC-2,std_nc,NA,NA,NA,NA,3,NA
CMR-009-S119,Euk-P3-pcrNC-1,S119,D703,CGCTCATT,D507,CAGGACGT,CERrice_eDNA_2019,Euk-P3-pcrNC-1,pcr_nc,NA,NA,NA,NA,3,NA
CMR-009-S120,Euk-P3-pcrNC-2,S120,D703,CGCTCATT,D508,GTACTGAC,CERrice_eDNA_2019,Euk-P3-pcrNC-2,pcr_nc,NA,NA,NA,NA,3,NA
CMR-009-S121,Euk-P4-01,S121,D704,GAGATTCC,D501,TATAGCCT,CERrice_eDNA_2019,Euk-P4-01,sample,2019/05/20,11:58,100,30,4,CT
CMR-009-S122,Euk-P4-02,S122,D704,GAGATTCC,D502,ATAGAGGC,CERrice_eDNA_2019,Euk-P4-02,sample,2019/05/21,9:34,100,30,4,CT
CMR-009-S123,Euk-P4-03,S123,D704,GAGATTCC,D503,CCTATCCT,CERrice_eDNA_2019,Euk-P4-03,sample,2019/05/28,9:32,100,30,4,CT
CMR-009-S124,Euk-P4-04,S124,D704,GAGATTCC,D504,GGCTCTGA,CERrice_eDNA_2019,Euk-P4-04,sample,2019/06/04,9:33,100,30,4,CT
CMR-009-S125,Euk-P4-05,S125,D704,GAGATTCC,D505,AGGCGAAG,CERrice_eDNA_2019,Euk-P4-05,sample,2019/06/11,9:07,100,30,4,CT
CMR-009-S126,Euk-P4-06,S126,D704,GAGATTCC,D506,TAATCTTA,CERrice_eDNA_2019,Euk-P4-06,sample,2019/06/18,8:52,100,30,4,CT
CMR-009-S127,Euk-P4-07,S127,D704,GAGATTCC,D507,CAGGACGT,CERrice_eDNA_2019,Euk-P4-07,sample,2019/06/19,8:47,100,30,4,CT
CMR-009-S128,Euk-P4-08,S128,D704,GAGATTCC,D508,GTACTGAC,CERrice_eDNA_2019,Euk-P4-08,sample,2019/06/20,8:29,100,30,4,CT
CMR-009-S129,Euk-P4-09,S129,D705,ATTCAGAA,D501,TATAGCCT,CERrice_eDNA_2019,Euk-P4-09,sample,2019/06/21,8:27,100,30,4,CT
CMR-009-S130,Euk-P4-10,S130,D705,ATTCAGAA,D502,ATAGAGGC,CERrice_eDNA_2019,Euk-P4-10,sample,2019/06/22,8:50,100,30,4,CT
CMR-009-S131,Euk-P4-11,S131,D705,ATTCAGAA,D503,CCTATCCT,CERrice_eDNA_2019,Euk-P4-11,sample,2019/06/23,8:26,100,30,4,CT
CMR-009-S132,Euk-P4-12,S132,D705,ATTCAGAA,D504,GGCTCTGA,CERrice_eDNA_2019,Euk-P4-12,sample,2019/06/24,8:18,100,30,4,CT
CMR-009-S133,Euk-P4-13,S133,D705,ATTCAGAA,D505,AGGCGAAG,CERrice_eDNA_2019,Euk-P4-13,sample,2019/06/25,8:25,100,30,4,CT
CMR-009-S134,Euk-P4-14,S134,D705,ATTCAGAA,D506,TAATCTTA,CERrice_eDNA_2019,Euk-P4-14,sample,2019/06/26,8:31,100,30,4,CT
CMR-009-S135,Euk-P4-15,S135,D705,ATTCAGAA,D507,CAGGACGT,CERrice_eDNA_2019,Euk-P4-15,sample,2019/06/27,8:31,100,30,4,CT
CMR-009-S136,Euk-P4-16,S136,D705,ATTCAGAA,D508,GTACTGAC,CERrice_eDNA_2019,Euk-P4-16,sample,2019/06/28,8:38,100,30,4,CT
CMR-009-S137,Euk-P4-17,S137,D706,GAATTCGT,D501,TATAGCCT,CERrice_eDNA_2019,Euk-P4-17,sample,2019/06/29,8:37,100,30,4,CT
CMR-009-S138,Euk-P4-18,S138,D706,GAATTCGT,D502,ATAGAGGC,CERrice_eDNA_2019,Euk-P4-18,sample,2019/06/30,8:45,100,30,4,CT
CMR-009-S139,Euk-P4-19,S139,D706,GAATTCGT,D503,CCTATCCT,CERrice_eDNA_2019,Euk-P4-19,sample,2019/07/01,8:31,100,30,4,CT
CMR-009-S140,Euk-P4-20,S140,D706,GAATTCGT,D504,GGCTCTGA,CERrice_eDNA_2019,Euk-P4-20,sample,2019/07/02,8:23,100,30,4,CT
CMR-009-S141,Euk-P4-21,S141,D706,GAATTCGT,D505,AGGCGAAG,CERrice_eDNA_2019,Euk-P4-21,sample,2019/07/03,8:17,100,30,4,CT
CMR-009-S142,Euk-P4-22,S142,D706,GAATTCGT,D506,TAATCTTA,CERrice_eDNA_2019,Euk-P4-22,sample,2019/07/04,8:26,100,30,4,CT
CMR-009-S143,Euk-P4-23,S143,D706,GAATTCGT,D507,CAGGACGT,CERrice_eDNA_2019,Euk-P4-23,sample,2019/07/05,8:20,100,30,4,CT
CMR-009-S144,Euk-P4-24,S144,D706,GAATTCGT,D508,GTACTGAC,CERrice_eDNA_2019,Euk-P4-24,sample,2019/07/06,8:48,100,30,4,CT
CMR-009-S145,Euk-P4-25,S145,D707,CTGAAGCT,D501,TATAGCCT,CERrice_eDNA_2019,Euk-P4-25,sample,2019/07/07,8:29,100,30,4,CT
CMR-009-S146,Euk-P4-26,S146,D707,CTGAAGCT,D502,ATAGAGGC,CERrice_eDNA_2019,Euk-P4-26,sample,2019/07/08,8:23,100,30,4,CT
CMR-009-S147,Euk-P4-27,S147,D707,CTGAAGCT,D503,CCTATCCT,CERrice_eDNA_2019,Euk-P4-27,sample,2019/07/09,8:23,100,30,4,CT
CMR-009-S148,Euk-P4-28,S148,D707,CTGAAGCT,D504,GGCTCTGA,CERrice_eDNA_2019,Euk-P4-28,sample,2019/07/10,8:23,100,30,4,CT
CMR-009-S149,Euk-P4-29,S149,D707,CTGAAGCT,D505,AGGCGAAG,CERrice_eDNA_2019,Euk-P4-29,sample,2019/07/11,8:16,100,30,4,CT
CMR-009-S150,Euk-P4-30,S150,D707,CTGAAGCT,D506,TAATCTTA,CERrice_eDNA_2019,Euk-P4-30,sample,2019/07/12,8:30,100,30,4,CT
CMR-009-S151,Euk-P4-31,S151,D707,CTGAAGCT,D507,CAGGACGT,CERrice_eDNA_2019,Euk-P4-31,sample,2019/07/16,8:25,100,30,4,CT
CMR-009-S152,Euk-P4-32,S152,D707,CTGAAGCT,D508,GTACTGAC,CERrice_eDNA_2019,Euk-P4-32,sample,2019/07/23,8:42,100,30,4,CT
CMR-009-S153,Euk-P4-33,S153,D708,TAATGCGC,D501,TATAGCCT,CERrice_eDNA_2019,Euk-P4-33,sample,2019/08/05,9:59,100,30,4,CT
CMR-009-S154,Euk-P4-34,S154,D708,TAATGCGC,D502,ATAGAGGC,CERrice_eDNA_2019,Euk-P4-34,sample,2019/08/20,9:16,70,30,4,CT
CMR-009-S155,Euk-P4-35,S155,D708,TAATGCGC,D503,CCTATCCT,CERrice_eDNA_2019,Euk-P4-35,sample,2019/09/02,9:08,60,30,4,CT
CMR-009-S156,Euk-P4-36,S156,D708,TAATGCGC,D504,GGCTCTGA,CERrice_eDNA_2019,Euk-P4-36,sample,2019/09/16,8:20,70,30,4,CT
CMR-009-S157,Euk-P4-stdNC-1,S157,D708,TAATGCGC,D505,AGGCGAAG,CERrice_eDNA_2019,Euk-P4-stdNC-1,std_nc,NA,NA,NA,NA,4,NA
CMR-009-S158,Euk-P4-stdNC-2,S158,D708,TAATGCGC,D506,TAATCTTA,CERrice_eDNA_2019,Euk-P4-stdNC-2,std_nc,NA,NA,NA,NA,4,NA
CMR-009-S159,Euk-P4-pcrNC-1,S159,D708,TAATGCGC,D507,CAGGACGT,CERrice_eDNA_2019,Euk-P4-pcrNC-1,pcr_nc,NA,NA,NA,NA,4,NA
CMR-009-S160,Euk-P4-pcrNC-2,S160,D708,TAATGCGC,D508,GTACTGAC,CERrice_eDNA_2019,Euk-P4-pcrNC-2,pcr_nc,NA,NA,NA,NA,4,NA
CMR-009-S161,Euk-P5-01,S161,D709,CGGCTATG,D501,TATAGCCT,CERrice_eDNA_2019,Euk-P5-01,sample,2019/05/20,11:59,100,30,5,PN
CMR-009-S162,Euk-P5-02,S162,D709,CGGCTATG,D502,ATAGAGGC,CERrice_eDNA_2019,Euk-P5-02,sample,2019/05/21,9:35,100,30,5,PN
CMR-009-S163,Euk-P5-03,S163,D709,CGGCTATG,D503,CCTATCCT,CERrice_eDNA_2019,Euk-P5-03,sample,2019/05/28,9:33,100,30,5,PN
CMR-009-S164,Euk-P5-04,S164,D709,CGGCTATG,D504,GGCTCTGA,CERrice_eDNA_2019,Euk-P5-04,sample,2019/06/04,9:35,60,30,5,PN
CMR-009-S165,Euk-P5-05,S165,D709,CGGCTATG,D505,AGGCGAAG,CERrice_eDNA_2019,Euk-P5-05,sample,2019/06/11,9:08,100,30,5,PN
CMR-009-S166,Euk-P5-06,S166,D709,CGGCTATG,D506,TAATCTTA,CERrice_eDNA_2019,Euk-P5-06,sample,2019/06/18,8:53,100,30,5,PN
CMR-009-S167,Euk-P5-07,S167,D709,CGGCTATG,D507,CAGGACGT,CERrice_eDNA_2019,Euk-P5-07,sample,2019/06/19,8:48,100,30,5,PN
CMR-009-S168,Euk-P5-08,S168,D709,CGGCTATG,D508,GTACTGAC,CERrice_eDNA_2019,Euk-P5-08,sample,2019/06/20,8:30,100,30,5,PN
CMR-009-S169,Euk-P5-09,S169,D710,TCCGCGAA,D501,TATAGCCT,CERrice_eDNA_2019,Euk-P5-09,sample,2019/06/21,8:29,100,30,5,PN
CMR-009-S170,Euk-P5-10,S170,D710,TCCGCGAA,D502,ATAGAGGC,CERrice_eDNA_2019,Euk-P5-10,sample,2019/06/22,8:51,100,30,5,PN
CMR-009-S171,Euk-P5-11,S171,D710,TCCGCGAA,D503,CCTATCCT,CERrice_eDNA_2019,Euk-P5-11,sample,2019/06/23,8:27,100,30,5,PN
CMR-009-S172,Euk-P5-12,S172,D710,TCCGCGAA,D504,GGCTCTGA,CERrice_eDNA_2019,Euk-P5-12,sample,2019/06/24,8:19,100,30,5,PN
CMR-009-S173,Euk-P5-13,S173,D710,TCCGCGAA,D505,AGGCGAAG,CERrice_eDNA_2019,Euk-P5-13,sample,2019/06/25,8:26,100,30,5,PN
CMR-009-S174,Euk-P5-14,S174,D710,TCCGCGAA,D506,TAATCTTA,CERrice_eDNA_2019,Euk-P5-14,sample,2019/06/26,8:32,100,30,5,PN
CMR-009-S175,Euk-P5-15,S175,D710,TCCGCGAA,D507,CAGGACGT,CERrice_eDNA_2019,Euk-P5-15,sample,2019/06/27,8:33,100,30,5,PN
CMR-009-S176,Euk-P5-16,S176,D710,TCCGCGAA,D508,GTACTGAC,CERrice_eDNA_2019,Euk-P5-16,sample,2019/06/28,8:39,100,30,5,PN
CMR-009-S177,Euk-P5-17,S177,D711,TCTCGCGC,D501,TATAGCCT,CERrice_eDNA_2019,Euk-P5-17,sample,2019/06/29,8:39,100,30,5,PN
CMR-009-S178,Euk-P5-18,S178,D711,TCTCGCGC,D502,ATAGAGGC,CERrice_eDNA_2019,Euk-P5-18,sample,2019/06/30,8:48,100,30,5,PN
CMR-009-S179,Euk-P5-19,S179,D711,TCTCGCGC,D503,CCTATCCT,CERrice_eDNA_2019,Euk-P5-19,sample,2019/07/01,8:38,100,30,5,PN
CMR-009-S180,Euk-P5-20,S180,D711,TCTCGCGC,D504,GGCTCTGA,CERrice_eDNA_2019,Euk-P5-20,sample,2019/07/02,8:31,100,30,5,PN
CMR-009-S181,Euk-P5-21,S181,D711,TCTCGCGC,D505,AGGCGAAG,CERrice_eDNA_2019,Euk-P5-21,sample,2019/07/03,8:28,100,30,5,PN
CMR-009-S182,Euk-P5-22,S182,D711,TCTCGCGC,D506,TAATCTTA,CERrice_eDNA_2019,Euk-P5-22,sample,2019/07/04,8:33,100,30,5,PN
CMR-009-S183,Euk-P5-23,S183,D711,TCTCGCGC,D507,CAGGACGT,CERrice_eDNA_2019,Euk-P5-23,sample,2019/07/05,8:28,100,30,5,PN
CMR-009-S184,Euk-P5-24,S184,D711,TCTCGCGC,D508,GTACTGAC,CERrice_eDNA_2019,Euk-P5-24,sample,2019/07/06,8:56,100,30,5,PN
CMR-009-S185,Euk-P5-25,S185,D712,AGCGATAG,D501,TATAGCCT,CERrice_eDNA_2019,Euk-P5-25,sample,2019/07/07,8:37,100,30,5,PN
CMR-009-S186,Euk-P5-26,S186,D712,AGCGATAG,D502,ATAGAGGC,CERrice_eDNA_2019,Euk-P5-26,sample,2019/07/08,8:29,100,30,5,PN
CMR-009-S187,Euk-P5-27,S187,D712,AGCGATAG,D503,CCTATCCT,CERrice_eDNA_2019,Euk-P5-27,sample,2019/07/09,8:29,100,30,5,PN
CMR-009-S188,Euk-P5-28,S188,D712,AGCGATAG,D504,GGCTCTGA,CERrice_eDNA_2019,Euk-P5-28,sample,2019/07/10,8:29,100,30,5,PN
CMR-009-S189,Euk-P5-29,S189,D712,AGCGATAG,D505,AGGCGAAG,CERrice_eDNA_2019,Euk-P5-29,sample,2019/07/11,8:24,100,30,5,PN
CMR-009-S190,Euk-P5-30,S190,D712,AGCGATAG,D506,TAATCTTA,CERrice_eDNA_2019,Euk-P5-30,sample,2019/07/12,8:38,100,30,5,PN
CMR-009-S191,Euk-P5-31,S191,D712,AGCGATAG,D507,CAGGACGT,CERrice_eDNA_2019,Euk-P5-31,sample,2019/07/16,8:34,100,30,5,PN
CMR-009-S192,Euk-P5-32,S192,D712,AGCGATAG,D508,GTACTGAC,CERrice_eDNA_2019,Euk-P5-32,sample,2019/07/23,8:51,100,30,5,PN
CMR-009-S193,Euk-P5-33,S193,U701,CGATGGTT,D501,TATAGCCT,CERrice_eDNA_2019,Euk-P5-33,sample,2019/08/05,10:07,100,30,5,PN
CMR-009-S194,Euk-P5-34,S194,U701,CGATGGTT,D502,ATAGAGGC,CERrice_eDNA_2019,Euk-P5-34,sample,2019/08/20,9:25,90,30,5,PN
CMR-009-S195,Euk-P5-35,S195,U701,CGATGGTT,D503,CCTATCCT,CERrice_eDNA_2019,Euk-P5-35,sample,2019/09/02,9:15,60,30,5,PN
CMR-009-S196,Euk-P5-36,S196,U701,CGATGGTT,D504,GGCTCTGA,CERrice_eDNA_2019,Euk-P5-36,sample,2019/09/16,8:29,100,30,5,PN
CMR-009-S197,Euk-P5-stdNC-1,S197,U701,CGATGGTT,D505,AGGCGAAG,CERrice_eDNA_2019,Euk-P5-stdNC-1,std_nc,NA,NA,NA,NA,5,NA
CMR-009-S198,Euk-P5-stdNC-2,S198,U701,CGATGGTT,D506,TAATCTTA,CERrice_eDNA_2019,Euk-P5-stdNC-2,std_nc,NA,NA,NA,NA,5,NA
CMR-009-S199,Euk-P5-pcrNC-1,S199,U701,CGATGGTT,D507,CAGGACGT,CERrice_eDNA_2019,Euk-P5-pcrNC-1,pcr_nc,NA,NA,NA,NA,5,NA
CMR-009-S200,Euk-P5-pcrNC-2,S200,U701,CGATGGTT,D508,GTACTGAC,CERrice_eDNA_2019,Euk-P5-pcrNC-2,pcr_nc,NA,NA,NA,NA,5,NA
CMR-009-S201,Euk-P6-01,S201,U702,GTAGGAAC,D501,TATAGCCT,CERrice_eDNA_2019,Euk-P6-01,sample,2019/05/20,11:59,100,30,6,RM
CMR-009-S202,Euk-P6-02,S202,U702,GTAGGAAC,D502,ATAGAGGC,CERrice_eDNA_2019,Euk-P6-02,sample,2019/05/21,9:36,100,30,6,RM
CMR-009-S203,Euk-P6-03,S203,U702,GTAGGAAC,D503,CCTATCCT,CERrice_eDNA_2019,Euk-P6-03,sample,2019/05/28,9:33,100,30,6,RM
CMR-009-S204,Euk-P6-04,S204,U702,GTAGGAAC,D504,GGCTCTGA,CERrice_eDNA_2019,Euk-P6-04,sample,2019/06/04,9:36,100,30,6,RM
CMR-009-S205,Euk-P6-05,S205,U702,GTAGGAAC,D505,AGGCGAAG,CERrice_eDNA_2019,Euk-P6-05,sample,2019/06/11,9:08,100,30,6,RM
CMR-009-S206,Euk-P6-06,S206,U702,GTAGGAAC,D506,TAATCTTA,CERrice_eDNA_2019,Euk-P6-06,sample,2019/06/18,8:54,100,30,6,RM
CMR-009-S207,Euk-P6-07,S207,U702,GTAGGAAC,D507,CAGGACGT,CERrice_eDNA_2019,Euk-P6-07,sample,2019/06/19,8:49,100,30,6,RM
CMR-009-S208,Euk-P6-08,S208,U702,GTAGGAAC,D508,GTACTGAC,CERrice_eDNA_2019,Euk-P6-08,sample,2019/06/20,8:31,100,30,6,RM
CMR-009-S209,Euk-P6-09,S209,U703,GTACCATG,D501,TATAGCCT,CERrice_eDNA_2019,Euk-P6-09,sample,2019/06/21,8:31,100,30,6,RM
CMR-009-S210,Euk-P6-10,S210,U703,GTACCATG,D502,ATAGAGGC,CERrice_eDNA_2019,Euk-P6-10,sample,2019/06/22,8:52,100,30,6,RM
CMR-009-S211,Euk-P6-11,S211,U703,GTACCATG,D503,CCTATCCT,CERrice_eDNA_2019,Euk-P6-11,sample,2019/06/23,8:27,100,30,6,RM
CMR-009-S212,Euk-P6-12,S212,U703,GTACCATG,D504,GGCTCTGA,CERrice_eDNA_2019,Euk-P6-12,sample,2019/06/24,8:20,100,30,6,RM
CMR-009-S213,Euk-P6-13,S213,U703,GTACCATG,D505,AGGCGAAG,CERrice_eDNA_2019,Euk-P6-13,sample,2019/06/25,8:27,100,30,6,RM
CMR-009-S214,Euk-P6-14,S214,U703,GTACCATG,D506,TAATCTTA,CERrice_eDNA_2019,Euk-P6-14,sample,2019/06/26,8:33,100,30,6,RM
CMR-009-S215,Euk-P6-15,S215,U703,GTACCATG,D507,CAGGACGT,CERrice_eDNA_2019,Euk-P6-15,sample,2019/06/27,8:34,100,30,6,RM
CMR-009-S216,Euk-P6-16,S216,U703,GTACCATG,D508,GTACTGAC,CERrice_eDNA_2019,Euk-P6-16,sample,2019/06/28,8:40,100,30,6,RM
CMR-009-S217,Euk-P6-17,S217,U704,AGTCCACA,D501,TATAGCCT,CERrice_eDNA_2019,Euk-P6-17,sample,2019/06/29,8:40,100,30,6,RM
CMR-009-S218,Euk-P6-18,S218,U704,AGTCCACA,D502,ATAGAGGC,CERrice_eDNA_2019,Euk-P6-18,sample,2019/06/30,8:51,100,30,6,RM
CMR-009-S219,Euk-P6-19,S219,U704,AGTCCACA,D503,CCTATCCT,CERrice_eDNA_2019,Euk-P6-19,sample,2019/07/01,8:35,100,30,6,RM
CMR-009-S220,Euk-P6-20,S220,U704,AGTCCACA,D504,GGCTCTGA,CERrice_eDNA_2019,Euk-P6-20,sample,2019/07/02,8:27,100,30,6,RM
CMR-009-S221,Euk-P6-21,S221,U704,AGTCCACA,D505,AGGCGAAG,CERrice_eDNA_2019,Euk-P6-21,sample,2019/07/03,8:23,100,30,6,RM
CMR-009-S222,Euk-P6-22,S222,U704,AGTCCACA,D506,TAATCTTA,CERrice_eDNA_2019,Euk-P6-22,sample,2019/07/04,8:30,100,30,6,RM
CMR-009-S223,Euk-P6-23,S223,U704,AGTCCACA,D507,CAGGACGT,CERrice_eDNA_2019,Euk-P6-23,sample,2019/07/05,8:24,100,30,6,RM
CMR-009-S224,Euk-P6-24,S224,U704,AGTCCACA,D508,GTACTGAC,CERrice_eDNA_2019,Euk-P6-24,sample,2019/07/06,8:52,100,30,6,RM
CMR-009-S225,Euk-P6-25,S225,U705,TGCTACCT,D501,TATAGCCT,CERrice_eDNA_2019,Euk-P6-25,sample,2019/07/07,8:33,100,30,6,RM
CMR-009-S226,Euk-P6-26,S226,U705,TGCTACCT,D502,ATAGAGGC,CERrice_eDNA_2019,Euk-P6-26,sample,2019/07/08,8:26,100,30,6,RM
CMR-009-S227,Euk-P6-27,S227,U705,TGCTACCT,D503,CCTATCCT,CERrice_eDNA_2019,Euk-P6-27,sample,2019/07/09,8:26,100,30,6,RM
CMR-009-S228,Euk-P6-28,S228,U705,TGCTACCT,D504,GGCTCTGA,CERrice_eDNA_2019,Euk-P6-28,sample,2019/07/10,8:26,100,30,6,RM
CMR-009-S229,Euk-P6-29,S229,U705,TGCTACCT,D505,AGGCGAAG,CERrice_eDNA_2019,Euk-P6-29,sample,2019/07/11,8:20,100,30,6,RM
CMR-009-S230,Euk-P6-30,S230,U705,TGCTACCT,D506,TAATCTTA,CERrice_eDNA_2019,Euk-P6-30,sample,2019/07/12,8:34,80,30,6,RM
CMR-009-S231,Euk-P6-31,S231,U705,TGCTACCT,D507,CAGGACGT,CERrice_eDNA_2019,Euk-P6-31,sample,2019/07/16,8:30,100,30,6,RM
CMR-009-S232,Euk-P6-32,S232,U705,TGCTACCT,D508,GTACTGAC,CERrice_eDNA_2019,Euk-P6-32,sample,2019/07/23,8:47,100,30,6,RM
CMR-009-S233,Euk-P6-33,S233,U706,GTGTGTGT,D501,TATAGCCT,CERrice_eDNA_2019,Euk-P6-33,sample,2019/08/05,10:03,100,30,6,RM
CMR-009-S234,Euk-P6-34,S234,U706,GTGTGTGT,D502,ATAGAGGC,CERrice_eDNA_2019,Euk-P6-34,sample,2019/08/20,9:21,60,30,6,RM
CMR-009-S235,Euk-P6-35,S235,U706,GTGTGTGT,D503,CCTATCCT,CERrice_eDNA_2019,Euk-P6-35,sample,2019/09/02,9:12,60,30,6,RM
CMR-009-S236,Euk-P6-36,S236,U706,GTGTGTGT,D504,GGCTCTGA,CERrice_eDNA_2019,Euk-P6-36,sample,2019/09/16,8:25,100,30,6,RM
CMR-009-S237,Euk-P6-stdNC-1,S237,U706,GTGTGTGT,D505,AGGCGAAG,CERrice_eDNA_2019,Euk-P6-stdNC-1,std_nc,NA,NA,NA,NA,6,NA
CMR-009-S238,Euk-P6-stdNC-2,S238,U706,GTGTGTGT,D506,TAATCTTA,CERrice_eDNA_2019,Euk-P6-stdNC-2,std_nc,NA,NA,NA,NA,6,NA
CMR-009-S239,Euk-P6-pcrNC-1,S239,U706,GTGTGTGT,D507,CAGGACGT,CERrice_eDNA_2019,Euk-P6-pcrNC-1,pcr_nc,NA,NA,NA,NA,6,NA
CMR-009-S240,Euk-P6-pcrNC-2,S240,U706,GTGTGTGT,D508,GTACTGAC,CERrice_eDNA_2019,Euk-P6-pcrNC-2,pcr_nc,NA,NA,NA,NA,6,NA
CMR-009-S241,Euk-P7-01,S241,U707,TCCTTGGT,D501,TATAGCCT,CERrice_eDNA_2019,Euk-P7-01,sample,2019/05/20,12:00,100,30,7,CT
CMR-009-S242,Euk-P7-02,S242,U707,TCCTTGGT,D502,ATAGAGGC,CERrice_eDNA_2019,Euk-P7-02,sample,2019/05/21,9:36,100,30,7,CT
CMR-009-S243,Euk-P7-03,S243,U707,TCCTTGGT,D503,CCTATCCT,CERrice_eDNA_2019,Euk-P7-03,sample,2019/05/28,9:34,100,30,7,CT
CMR-009-S244,Euk-P7-04,S244,U707,TCCTTGGT,D504,GGCTCTGA,CERrice_eDNA_2019,Euk-P7-04,sample,2019/06/04,9:37,30,30,7,CT
CMR-009-S245,Euk-P7-05,S245,U707,TCCTTGGT,D505,AGGCGAAG,CERrice_eDNA_2019,Euk-P7-05,sample,2019/06/11,9:09,100,30,7,CT
CMR-009-S246,Euk-P7-06,S246,U707,TCCTTGGT,D506,TAATCTTA,CERrice_eDNA_2019,Euk-P7-06,sample,2019/06/18,8:54,100,30,7,CT
CMR-009-S247,Euk-P7-07,S247,U707,TCCTTGGT,D507,CAGGACGT,CERrice_eDNA_2019,Euk-P7-07,sample,2019/06/19,8:49,100,30,7,CT
CMR-009-S248,Euk-P7-08,S248,U707,TCCTTGGT,D508,GTACTGAC,CERrice_eDNA_2019,Euk-P7-08,sample,2019/06/20,8:31,100,30,7,CT
CMR-009-S249,Euk-P7-09,S249,U708,CAGTGACT,D501,TATAGCCT,CERrice_eDNA_2019,Euk-P7-09,sample,2019/06/21,8:32,100,30,7,CT
CMR-009-S250,Euk-P7-10,S250,U708,CAGTGACT,D502,ATAGAGGC,CERrice_eDNA_2019,Euk-P7-10,sample,2019/06/22,8:53,100,30,7,CT
CMR-009-S251,Euk-P7-11,S251,U708,CAGTGACT,D503,CCTATCCT,CERrice_eDNA_2019,Euk-P7-11,sample,2019/06/23,8:28,100,30,7,CT
CMR-009-S252,Euk-P7-12,S252,U708,CAGTGACT,D504,GGCTCTGA,CERrice_eDNA_2019,Euk-P7-12,sample,2019/06/24,8:21,100,30,7,CT
CMR-009-S253,Euk-P7-13,S253,U708,CAGTGACT,D505,AGGCGAAG,CERrice_eDNA_2019,Euk-P7-13,sample,2019/06/25,8:28,100,30,7,CT
CMR-009-S254,Euk-P7-14,S254,U708,CAGTGACT,D506,TAATCTTA,CERrice_eDNA_2019,Euk-P7-14,sample,2019/06/26,8:34,100,30,7,CT
CMR-009-S255,Euk-P7-15,S255,U708,CAGTGACT,D507,CAGGACGT,CERrice_eDNA_2019,Euk-P7-15,sample,2019/06/27,8:36,100,30,7,CT
CMR-009-S256,Euk-P7-16,S256,U708,CAGTGACT,D508,GTACTGAC,CERrice_eDNA_2019,Euk-P7-16,sample,2019/06/28,8:41,100,30,7,CT
CMR-009-S257,Euk-P7-17,S257,U709,CCGGATAT,D501,TATAGCCT,CERrice_eDNA_2019,Euk-P7-17,sample,2019/06/29,8:42,100,30,7,CT
CMR-009-S258,Euk-P7-18,S258,U709,CCGGATAT,D502,ATAGAGGC,CERrice_eDNA_2019,Euk-P7-18,sample,2019/06/30,8:54,100,30,7,CT
CMR-009-S259,Euk-P7-19,S259,U709,CCGGATAT,D503,CCTATCCT,CERrice_eDNA_2019,Euk-P7-19,sample,2019/07/01,8:32,100,30,7,CT
CMR-009-S260,Euk-P7-20,S260,U709,CCGGATAT,D504,GGCTCTGA,CERrice_eDNA_2019,Euk-P7-20,sample,2019/07/02,8:24,100,30,7,CT
CMR-009-S261,Euk-P7-21,S261,U709,CCGGATAT,D505,AGGCGAAG,CERrice_eDNA_2019,Euk-P7-21,sample,2019/07/03,8:19,100,30,7,CT
CMR-009-S262,Euk-P7-22,S262,U709,CCGGATAT,D506,TAATCTTA,CERrice_eDNA_2019,Euk-P7-22,sample,2019/07/04,8:27,100,30,7,CT
CMR-009-S263,Euk-P7-23,S263,U709,CCGGATAT,D507,CAGGACGT,CERrice_eDNA_2019,Euk-P7-23,sample,2019/07/05,8:21,100,30,7,CT
CMR-009-S264,Euk-P7-24,S264,U709,CCGGATAT,D508,GTACTGAC,CERrice_eDNA_2019,Euk-P7-24,sample,2019/07/06,8:49,100,30,7,CT
CMR-009-S265,Euk-P7-25,S265,U710,TTGCGGAT,D501,TATAGCCT,CERrice_eDNA_2019,Euk-P7-25,sample,2019/07/07,8:30,100,30,7,CT
CMR-009-S266,Euk-P7-26,S266,U710,TTGCGGAT,D502,ATAGAGGC,CERrice_eDNA_2019,Euk-P7-26,sample,2019/07/08,8:24,100,30,7,CT
CMR-009-S267,Euk-P7-27,S267,U710,TTGCGGAT,D503,CCTATCCT,CERrice_eDNA_2019,Euk-P7-27,sample,2019/07/09,8:24,100,30,7,CT
CMR-009-S268,Euk-P7-28,S268,U710,TTGCGGAT,D504,GGCTCTGA,CERrice_eDNA_2019,Euk-P7-28,sample,2019/07/10,8:24,60,30,7,CT
CMR-009-S269,Euk-P7-29,S269,U710,TTGCGGAT,D505,AGGCGAAG,CERrice_eDNA_2019,Euk-P7-29,sample,2019/07/11,8:17,70,30,7,CT
CMR-009-S270,Euk-P7-30,S270,U710,TTGCGGAT,D506,TAATCTTA,CERrice_eDNA_2019,Euk-P7-30,sample,2019/07/12,8:31,60,30,7,CT
CMR-009-S271,Euk-P7-31,S271,U710,TTGCGGAT,D507,CAGGACGT,CERrice_eDNA_2019,Euk-P7-31,sample,2019/07/16,8:27,100,30,7,CT
CMR-009-S272,Euk-P7-32,S272,U710,TTGCGGAT,D508,GTACTGAC,CERrice_eDNA_2019,Euk-P7-32,sample,2019/07/23,8:44,100,30,7,CT
CMR-009-S273,Euk-P7-33,S273,U711,GCATGCAT,D501,TATAGCCT,CERrice_eDNA_2019,Euk-P7-33,sample,2019/08/05,10:00,100,30,7,CT
CMR-009-S274,Euk-P7-34,S274,U711,GCATGCAT,D502,ATAGAGGC,CERrice_eDNA_2019,Euk-P7-34,sample,2019/08/20,9:18,100,30,7,CT
CMR-009-S275,Euk-P7-35,S275,U711,GCATGCAT,D503,CCTATCCT,CERrice_eDNA_2019,Euk-P7-35,sample,2019/09/02,9:09,80,30,7,CT
CMR-009-S276,Euk-P7-36,S276,U711,GCATGCAT,D504,GGCTCTGA,CERrice_eDNA_2019,Euk-P7-36,sample,2019/09/16,8:22,100,30,7,CT
CMR-009-S277,Euk-P7-stdNC-1,S277,U711,GCATGCAT,D505,AGGCGAAG,CERrice_eDNA_2019,Euk-P7-stdNC-1,std_nc,NA,NA,NA,NA,7,NA
CMR-009-S278,Euk-P7-stdNC-2,S278,U711,GCATGCAT,D506,TAATCTTA,CERrice_eDNA_2019,Euk-P7-stdNC-2,std_nc,NA,NA,NA,NA,7,NA
CMR-009-S279,Euk-P7-pcrNC-1,S279,U711,GCATGCAT,D507,CAGGACGT,CERrice_eDNA_2019,Euk-P7-pcrNC-1,pcr_nc,NA,NA,NA,NA,7,NA
CMR-009-S280,Euk-P7-pcrNC-2,S280,U711,GCATGCAT,D508,GTACTGAC,CERrice_eDNA_2019,Euk-P7-pcrNC-2,pcr_nc,NA,NA,NA,NA,7,NA
CMR-009-S281,Euk-P8-01,S281,U712,GCCGTAAT,D501,TATAGCCT,CERrice_eDNA_2019,Euk-P8-01,sample,2019/05/20,12:01,100,30,8,PN
CMR-009-S282,Euk-P8-02,S282,U712,GCCGTAAT,D502,ATAGAGGC,CERrice_eDNA_2019,Euk-P8-02,sample,2019/05/21,9:37,100,30,8,PN
CMR-009-S283,Euk-P8-03,S283,U712,GCCGTAAT,D503,CCTATCCT,CERrice_eDNA_2019,Euk-P8-03,sample,2019/05/28,9:34,100,30,8,PN
CMR-009-S284,Euk-P8-04,S284,U712,GCCGTAAT,D504,GGCTCTGA,CERrice_eDNA_2019,Euk-P8-04,sample,2019/06/04,9:38,100,30,8,PN
CMR-009-S285,Euk-P8-05,S285,U712,GCCGTAAT,D505,AGGCGAAG,CERrice_eDNA_2019,Euk-P8-05,sample,2019/06/11,9:10,100,30,8,PN
CMR-009-S286,Euk-P8-06,S286,U712,GCCGTAAT,D506,TAATCTTA,CERrice_eDNA_2019,Euk-P8-06,sample,2019/06/18,8:55,100,30,8,PN
CMR-009-S287,Euk-P8-07,S287,U712,GCCGTAAT,D507,CAGGACGT,CERrice_eDNA_2019,Euk-P8-07,sample,2019/06/19,8:50,100,30,8,PN
CMR-009-S288,Euk-P8-08,S288,U712,GCCGTAAT,D508,GTACTGAC,CERrice_eDNA_2019,Euk-P8-08,sample,2019/06/20,8:32,100,30,8,PN
CMR-009-S289,Euk-P8-09,S289,U713,CTAGGTTG,D501,TATAGCCT,CERrice_eDNA_2019,Euk-P8-09,sample,2019/06/21,8:34,100,30,8,PN
CMR-009-S290,Euk-P8-10,S290,U713,CTAGGTTG,D502,ATAGAGGC,CERrice_eDNA_2019,Euk-P8-10,sample,2019/06/22,8:54,100,30,8,PN
CMR-009-S291,Euk-P8-11,S291,U713,CTAGGTTG,D503,CCTATCCT,CERrice_eDNA_2019,Euk-P8-11,sample,2019/06/23,8:29,100,30,8,PN
CMR-009-S292,Euk-P8-12,S292,U713,CTAGGTTG,D504,GGCTCTGA,CERrice_eDNA_2019,Euk-P8-12,sample,2019/06/24,8:22,100,30,8,PN
CMR-009-S293,Euk-P8-13,S293,U713,CTAGGTTG,D505,AGGCGAAG,CERrice_eDNA_2019,Euk-P8-13,sample,2019/06/25,8:29,100,30,8,PN
CMR-009-S294,Euk-P8-14,S294,U713,CTAGGTTG,D506,TAATCTTA,CERrice_eDNA_2019,Euk-P8-14,sample,2019/06/26,8:35,100,30,8,PN
CMR-009-S295,Euk-P8-15,S295,U713,CTAGGTTG,D507,CAGGACGT,CERrice_eDNA_2019,Euk-P8-15,sample,2019/06/27,8:37,100,30,8,PN
CMR-009-S296,Euk-P8-16,S296,U713,CTAGGTTG,D508,GTACTGAC,CERrice_eDNA_2019,Euk-P8-16,sample,2019/06/28,8:42,100,30,8,PN
CMR-009-S297,Euk-P8-17,S297,U714,GACTTGTG,D501,TATAGCCT,CERrice_eDNA_2019,Euk-P8-17,sample,2019/06/29,8:43,100,30,8,PN
CMR-009-S298,Euk-P8-18,S298,U714,GACTTGTG,D502,ATAGAGGC,CERrice_eDNA_2019,Euk-P8-18,sample,2019/06/30,8:57,100,30,8,PN
CMR-009-S299,Euk-P8-19,S299,U714,GACTTGTG,D503,CCTATCCT,CERrice_eDNA_2019,Euk-P8-19,sample,2019/07/01,8:40,100,30,8,PN
CMR-009-S300,Euk-P8-20,S300,U714,GACTTGTG,D504,GGCTCTGA,CERrice_eDNA_2019,Euk-P8-20,sample,2019/07/02,8:33,100,30,8,PN
CMR-009-S301,Euk-P8-21,S301,U714,GACTTGTG,D505,AGGCGAAG,CERrice_eDNA_2019,Euk-P8-21,sample,2019/07/03,8:30,100,30,8,PN
CMR-009-S302,Euk-P8-22,S302,U714,GACTTGTG,D506,TAATCTTA,CERrice_eDNA_2019,Euk-P8-22,sample,2019/07/04,8:35,100,30,8,PN
CMR-009-S303,Euk-P8-23,S303,U714,GACTTGTG,D507,CAGGACGT,CERrice_eDNA_2019,Euk-P8-23,sample,2019/07/05,8:30,100,30,8,PN
CMR-009-S304,Euk-P8-24,S304,U714,GACTTGTG,D508,GTACTGAC,CERrice_eDNA_2019,Euk-P8-24,sample,2019/07/06,8:58,100,30,8,PN
CMR-009-S305,Euk-P8-25,S305,U715,CACTAGTG,D501,TATAGCCT,CERrice_eDNA_2019,Euk-P8-25,sample,2019/07/07,8:39,100,30,8,PN
CMR-009-S306,Euk-P8-26,S306,U715,CACTAGTG,D502,ATAGAGGC,CERrice_eDNA_2019,Euk-P8-26,sample,2019/07/08,8:30,100,30,8,PN
CMR-009-S307,Euk-P8-27,S307,U715,CACTAGTG,D503,CCTATCCT,CERrice_eDNA_2019,Euk-P8-27,sample,2019/07/09,8:31,100,30,8,PN
CMR-009-S308,Euk-P8-28,S308,U715,CACTAGTG,D504,GGCTCTGA,CERrice_eDNA_2019,Euk-P8-28,sample,2019/07/10,8:31,100,30,8,PN
CMR-009-S309,Euk-P8-29,S309,U715,CACTAGTG,D505,AGGCGAAG,CERrice_eDNA_2019,Euk-P8-29,sample,2019/07/11,8:26,100,30,8,PN
CMR-009-S310,Euk-P8-30,S310,U715,CACTAGTG,D506,TAATCTTA,CERrice_eDNA_2019,Euk-P8-30,sample,2019/07/12,8:40,100,30,8,PN
CMR-009-S311,Euk-P8-31,S311,U715,CACTAGTG,D507,CAGGACGT,CERrice_eDNA_2019,Euk-P8-31,sample,2019/07/16,8:36,100,30,8,PN
CMR-009-S312,Euk-P8-32,S312,U715,CACTAGTG,D508,GTACTGAC,CERrice_eDNA_2019,Euk-P8-32,sample,2019/07/23,8:53,100,30,8,PN
CMR-009-S313,Euk-P8-33,S313,U716,CAGAAGTG,D501,TATAGCCT,CERrice_eDNA_2019,Euk-P8-33,sample,2019/08/05,10:09,100,30,8,PN
CMR-009-S314,Euk-P8-34,S314,U716,CAGAAGTG,D502,ATAGAGGC,CERrice_eDNA_2019,Euk-P8-34,sample,2019/08/20,9:27,70,30,8,PN
CMR-009-S315,Euk-P8-35,S315,U716,CAGAAGTG,D503,CCTATCCT,CERrice_eDNA_2019,Euk-P8-35,sample,2019/09/02,9:17,100,30,8,PN
CMR-009-S316,Euk-P8-36,S316,U716,CAGAAGTG,D504,GGCTCTGA,CERrice_eDNA_2019,Euk-P8-36,sample,2019/09/16,8:31,100,30,8,PN
CMR-009-S317,Euk-P8-stdNC-1,S317,U716,CAGAAGTG,D505,AGGCGAAG,CERrice_eDNA_2019,Euk-P8-stdNC-1,std_nc,NA,NA,NA,NA,8,NA
CMR-009-S318,Euk-P8-stdNC-2,S318,U716,CAGAAGTG,D506,TAATCTTA,CERrice_eDNA_2019,Euk-P8-stdNC-2,std_nc,NA,NA,NA,NA,8,NA
CMR-009-S319,Euk-P8-pcrNC-1,S319,U716,CAGAAGTG,D507,CAGGACGT,CERrice_eDNA_2019,Euk-P8-pcrNC-1,pcr_nc,NA,NA,NA,NA,8,NA
CMR-009-S320,Euk-P8-pcrNC-2,S320,U716,CAGAAGTG,D508,GTACTGAC,CERrice_eDNA_2019,Euk-P8-pcrNC-2,pcr_nc,NA,NA,NA,NA,8,NA
CMR-009-S321,Euk-P9-01,S321,U717,ACAGTCTG,D501,TATAGCCT,CERrice_eDNA_2019,Euk-P9-01,sample,2019/05/20,12:01,100,30,9,RM
CMR-009-S322,Euk-P9-02,S322,U717,ACAGTCTG,D502,ATAGAGGC,CERrice_eDNA_2019,Euk-P9-02,sample,2019/05/21,9:38,100,30,9,RM
CMR-009-S323,Euk-P9-03,S323,U717,ACAGTCTG,D503,CCTATCCT,CERrice_eDNA_2019,Euk-P9-03,sample,2019/05/28,9:35,100,30,9,RM
CMR-009-S324,Euk-P9-04,S324,U717,ACAGTCTG,D504,GGCTCTGA,CERrice_eDNA_2019,Euk-P9-04,sample,2019/06/04,9:40,50,30,9,RM
CMR-009-S325,Euk-P9-05,S325,U717,ACAGTCTG,D505,AGGCGAAG,CERrice_eDNA_2019,Euk-P9-05,sample,2019/06/11,9:11,100,30,9,RM
CMR-009-S326,Euk-P9-06,S326,U717,ACAGTCTG,D506,TAATCTTA,CERrice_eDNA_2019,Euk-P9-06,sample,2019/06/18,8:56,100,30,9,RM
CMR-009-S327,Euk-P9-07,S327,U717,ACAGTCTG,D507,CAGGACGT,CERrice_eDNA_2019,Euk-P9-07,sample,2019/06/19,8:51,100,30,9,RM
CMR-009-S328,Euk-P9-08,S328,U717,ACAGTCTG,D508,GTACTGAC,CERrice_eDNA_2019,Euk-P9-08,sample,2019/06/20,8:33,100,30,9,RM
CMR-009-S329,Euk-P9-09,S329,U718,GAGACACA,D501,TATAGCCT,CERrice_eDNA_2019,Euk-P9-09,sample,2019/06/21,8:36,100,30,9,RM
CMR-009-S330,Euk-P9-10,S330,U718,GAGACACA,D502,ATAGAGGC,CERrice_eDNA_2019,Euk-P9-10,sample,2019/06/22,8:55,100,30,9,RM
CMR-009-S331,Euk-P9-11,S331,U718,GAGACACA,D503,CCTATCCT,CERrice_eDNA_2019,Euk-P9-11,sample,2019/06/23,8:30,100,30,9,RM
CMR-009-S332,Euk-P9-12,S332,U718,GAGACACA,D504,GGCTCTGA,CERrice_eDNA_2019,Euk-P9-12,sample,2019/06/24,8:23,100,30,9,RM
CMR-009-S333,Euk-P9-13,S333,U718,GAGACACA,D505,AGGCGAAG,CERrice_eDNA_2019,Euk-P9-13,sample,2019/06/25,8:30,100,30,9,RM
CMR-009-S334,Euk-P9-14,S334,U718,GAGACACA,D506,TAATCTTA,CERrice_eDNA_2019,Euk-P9-14,sample,2019/06/26,8:36,100,30,9,RM
CMR-009-S335,Euk-P9-15,S335,U718,GAGACACA,D507,CAGGACGT,CERrice_eDNA_2019,Euk-P9-15,sample,2019/06/27,8:39,100,30,9,RM
CMR-009-S336,Euk-P9-16,S336,U718,GAGACACA,D508,GTACTGAC,CERrice_eDNA_2019,Euk-P9-16,sample,2019/06/28,8:44,100,30,9,RM
CMR-009-S337,Euk-P9-17,S337,U719,AACCGGAA,D501,TATAGCCT,CERrice_eDNA_2019,Euk-P9-17,sample,2019/06/29,8:45,100,30,9,RM
CMR-009-S338,Euk-P9-18,S338,U719,AACCGGAA,D502,ATAGAGGC,CERrice_eDNA_2019,Euk-P9-18,sample,2019/06/30,9:00,100,30,9,RM
CMR-009-S339,Euk-P9-19,S339,U719,AACCGGAA,D503,CCTATCCT,CERrice_eDNA_2019,Euk-P9-19,sample,2019/07/01,8:36,100,30,9,RM
CMR-009-S340,Euk-P9-20,S340,U719,AACCGGAA,D504,GGCTCTGA,CERrice_eDNA_2019,Euk-P9-20,sample,2019/07/02,8:29,100,30,9,RM
CMR-009-S341,Euk-P9-21,S341,U719,AACCGGAA,D505,AGGCGAAG,CERrice_eDNA_2019,Euk-P9-21,sample,2019/07/03,8:25,100,30,9,RM
CMR-009-S342,Euk-P9-22,S342,U719,AACCGGAA,D506,TAATCTTA,CERrice_eDNA_2019,Euk-P9-22,sample,2019/07/04,8:31,100,30,9,RM
CMR-009-S343,Euk-P9-23,S343,U719,AACCGGAA,D507,CAGGACGT,CERrice_eDNA_2019,Euk-P9-23,sample,2019/07/05,8:26,100,30,9,RM
CMR-009-S344,Euk-P9-24,S344,U719,AACCGGAA,D508,GTACTGAC,CERrice_eDNA_2019,Euk-P9-24,sample,2019/07/06,8:54,100,30,9,RM
CMR-009-S345,Euk-P9-25,S345,U720,CGAACGAA,D501,TATAGCCT,CERrice_eDNA_2019,Euk-P9-25,sample,2019/07/07,8:35,100,30,9,RM
CMR-009-S346,Euk-P9-26,S346,U720,CGAACGAA,D502,ATAGAGGC,CERrice_eDNA_2019,Euk-P9-26,sample,2019/07/08,8:27,100,30,9,RM
CMR-009-S347,Euk-P9-27,S347,U720,CGAACGAA,D503,CCTATCCT,CERrice_eDNA_2019,Euk-P9-27,sample,2019/07/09,8:28,100,30,9,RM
CMR-009-S348,Euk-P9-28,S348,U720,CGAACGAA,D504,GGCTCTGA,CERrice_eDNA_2019,Euk-P9-28,sample,2019/07/10,8:28,80,30,9,RM
CMR-009-S349,Euk-P9-29,S349,U720,CGAACGAA,D505,AGGCGAAG,CERrice_eDNA_2019,Euk-P9-29,sample,2019/07/11,8:22,100,30,9,RM
CMR-009-S350,Euk-P9-30,S350,U720,CGAACGAA,D506,TAATCTTA,CERrice_eDNA_2019,Euk-P9-30,sample,2019/07/12,8:36,80,30,9,RM
CMR-009-S351,Euk-P9-31,S351,U720,CGAACGAA,D507,CAGGACGT,CERrice_eDNA_2019,Euk-P9-31,sample,2019/07/16,8:32,100,30,9,RM
CMR-009-S352,Euk-P9-32,S352,U720,CGAACGAA,D508,GTACTGAC,CERrice_eDNA_2019,Euk-P9-32,sample,2019/07/23,8:49,100,30,9,RM
CMR-009-S353,Euk-P9-33,S353,U721,CTTGGTTC,D501,TATAGCCT,CERrice_eDNA_2019,Euk-P9-33,sample,2019/08/05,10:05,100,30,9,RM
CMR-009-S354,Euk-P9-34,S354,U721,CTTGGTTC,D502,ATAGAGGC,CERrice_eDNA_2019,Euk-P9-34,sample,2019/08/20,9:23,100,30,9,RM
CMR-009-S355,Euk-P9-35,S355,U721,CTTGGTTC,D503,CCTATCCT,CERrice_eDNA_2019,Euk-P9-35,sample,2019/09/02,9:13,100,30,9,RM
CMR-009-S356,Euk-P9-36,S356,U721,CTTGGTTC,D504,GGCTCTGA,CERrice_eDNA_2019,Euk-P9-36,sample,2019/09/16,8:27,100,30,9,RM
CMR-009-S357,Euk-P9-stdNC-1,S357,U721,CTTGGTTC,D505,AGGCGAAG,CERrice_eDNA_2019,Euk-P9-stdNC-1,std_nc,NA,NA,NA,NA,9,NA
CMR-009-S358,Euk-P9-stdNC-2,S358,U721,CTTGGTTC,D506,TAATCTTA,CERrice_eDNA_2019,Euk-P9-stdNC-2,std_nc,NA,NA,NA,NA,9,NA
CMR-009-S359,Euk-P9-pcrNC-1,S359,U721,CTTGGTTC,D507,CAGGACGT,CERrice_eDNA_2019,Euk-P9-pcrNC-1,pcr_nc,NA,NA,NA,NA,9,NA
CMR-009-S360,Euk-P9-pcrNC-2,S360,U721,CTTGGTTC,D508,GTACTGAC,CERrice_eDNA_2019,Euk-P9-pcrNC-2,pcr_nc,NA,NA,NA,NA,9,NA
CMR-009-S361,Euk-stdNC-01,S361,U722,CATCGTTC,D501,TATAGCCT,CERrice_eDNA_2019,Euk-stdNC-01,field_nc,2019/05/20,NA,100,30,NC,field_nc
CMR-009-S362,Euk-stdNC-02,S362,U722,CATCGTTC,D502,ATAGAGGC,CERrice_eDNA_2019,Euk-stdNC-02,field_nc,2019/05/21,NA,100,30,NC,field_nc
CMR-009-S363,Euk-stdNC-03,S363,U722,CATCGTTC,D503,CCTATCCT,CERrice_eDNA_2019,Euk-stdNC-03,field_nc,2019/05/28,NA,100,30,NC,field_nc
CMR-009-S364,Euk-stdNC-04,S364,U722,CATCGTTC,D504,GGCTCTGA,CERrice_eDNA_2019,Euk-stdNC-04,field_nc,2019/06/04,NA,100,30,NC,field_nc
CMR-009-S365,Euk-stdNC-05,S365,U722,CATCGTTC,D505,AGGCGAAG,CERrice_eDNA_2019,Euk-stdNC-05,field_nc,2019/06/11,NA,100,30,NC,field_nc
CMR-009-S366,Euk-stdNC-06,S366,U722,CATCGTTC,D506,TAATCTTA,CERrice_eDNA_2019,Euk-stdNC-06,field_nc,2019/06/18,NA,100,30,NC,field_nc
CMR-009-S367,Euk-stdNC-07,S367,U722,CATCGTTC,D507,CAGGACGT,CERrice_eDNA_2019,Euk-stdNC-07,field_nc,2019/06/25,NA,100,30,NC,field_nc
CMR-009-S368,Euk-stdNC-08,S368,U722,CATCGTTC,D508,GTACTGAC,CERrice_eDNA_2019,Euk-stdNC-08,field_nc,2019/07/02,NA,100,30,NC,field_nc
CMR-009-S369,Euk-pcrNC-01,S369,U723,AGCAGTTC,D501,TATAGCCT,CERrice_eDNA_2019,Euk-pcrNC-01,pcr_nc,NA,NA,NA,NA,NA,NA
CMR-009-S370,Euk-pcrNC-02,S370,U723,AGCAGTTC,D502,ATAGAGGC,CERrice_eDNA_2019,Euk-pcrNC-02,pcr_nc,NA,NA,NA,NA,NA,NA
CMR-009-S371,Euk-pcrNC-03,S371,U723,AGCAGTTC,D503,CCTATCCT,CERrice_eDNA_2019,Euk-pcrNC-03,pcr_nc,NA,NA,NA,NA,NA,NA
CMR-009-S372,Euk-pcrNC-04,S372,U723,AGCAGTTC,D504,GGCTCTGA,CERrice_eDNA_2019,Euk-pcrNC-04,pcr_nc,NA,NA,NA,NA,NA,NA
CMR-009-S373,Euk-pcrNC-05,S373,U723,AGCAGTTC,D505,AGGCGAAG,CERrice_eDNA_2019,Euk-pcrNC-05,pcr_nc,NA,NA,NA,NA,NA,NA
CMR-009-S374,Euk-pcrNC-06,S374,U723,AGCAGTTC,D506,TAATCTTA,CERrice_eDNA_2019,Euk-pcrNC-06,pcr_nc,NA,NA,NA,NA,NA,NA
CMR-009-S375,Euk-pcrNC-07,S375,U723,AGCAGTTC,D507,CAGGACGT,CERrice_eDNA_2019,Euk-pcrNC-07,pcr_nc,NA,NA,NA,NA,NA,NA
CMR-009-S376,Euk-pcrNC-08,S376,U723,AGCAGTTC,D508,GTACTGAC,CERrice_eDNA_2019,Euk-pcrNC-08,pcr_nc,NA,NA,NA,NA,NC,NA
CMR-009-S377,Euk-stdNC-09,S377,U724,TCCTCTTC,D501,TATAGCCT,CERrice_eDNA_2019,Euk-stdNC-09,std_nc,NA,NA,NA,NA,NC,NA
CMR-009-S378,Euk-stdNC-10,S378,U724,TCCTCTTC,D502,ATAGAGGC,CERrice_eDNA_2019,Euk-stdNC-10,std_nc,NA,NA,NA,NA,NC,NA
CMR-009-S379,Euk-stdNC-11,S379,U724,TCCTCTTC,D503,CCTATCCT,CERrice_eDNA_2019,Euk-stdNC-11,std_nc,NA,NA,NA,NA,NC,NA
CMR-009-S380,Euk-stdNC-12,S380,U724,TCCTCTTC,D504,GGCTCTGA,CERrice_eDNA_2019,Euk-stdNC-12,std_nc,NA,NA,NA,NA,NC,NA
CMR-009-S381,Euk-stdNC-13,S381,U724,TCCTCTTC,D505,AGGCGAAG,CERrice_eDNA_2019,Euk-stdNC-13,std_nc,NA,NA,NA,NA,NC,NA
CMR-009-S382,Euk-stdNC-14,S382,U724,TCCTCTTC,D506,TAATCTTA,CERrice_eDNA_2019,Euk-stdNC-14,std_nc,NA,NA,NA,NA,NC,NA
CMR-009-S383,Euk-stdNC-15,S383,U724,TCCTCTTC,D507,CAGGACGT,CERrice_eDNA_2019,Euk-stdNC-15,std_nc,NA,NA,NA,NA,NC,NA
CMR-009-S384,Euk-stdNC-16,S384,U724,TCCTCTTC,D508,GTACTGAC,CERrice_eDNA_2019,Euk-stdNC-16,std_nc,NA,NA,NA,NA,NC,NA
