,pair,max_te_id,effect_var,cause_var,E,tau,tp,nn,n_lib,n_pred,rmse,te,pval,query,tax_order,tax_name,superkingdom,kingdom,subkingdom,phylum,class,subclass,infraclass,superorder,order,suborder,infraorder,parvorder,superfamily,family,subfamily,tribe,subtribe,genus,subgenus,species,subspecies,forma,seq,seqlen,entropy,miseq_run
1,effect_from_Fungi_Taxa00402_to_gr,1,gr,Fungi_Taxa00402,14,1,-5,15,540,540,0.641507472,0.005287889,0.019,Taxa00402,3,Eukaryota: Pythiaceae,Eukaryota,,,,Oomycetes,,NA,NA,Pythiales,,NA,NA,NA,Pythiaceae,,,,,NA,,,,AGTCGTAACAAGGTTTCCGTAGGTGAACCTGCGGAAGGATCATTACCACACCAAAAAAACTTTCCACGTGAACCTGTACCGTATGGCTTTGTGCTGCTTTATCTGGCTTCGGCTGGGCACTGCGGCTAAGCGAAGGTTTTGGGCATTTATGCTCGAAGCTGATGTACATTTCAAACCCCTTTAATTTTAAACTGATCAATACTGTAAGGACGAAAGTCTTTGCTTTAAAACTAGATAACAACTTTCAACAGTGGATGTCTAGGCTCGCACATC,273,0.27884296,RMR-078
2,effect_from_Fungi_Taxa00262_to_gr,1,gr,Fungi_Taxa00262,15,1,-1,16,535,535,0.989319526,0.009950705,0.025,Taxa00262,3,Eukaryota: Collodictyon,Eukaryota,,,,,,NA,NA,,,NA,NA,NA,Collodictyonidae,,,,Collodictyon,NA,Collodictyon triciliatum,,,AAGTCGTAACAAGGTTTCCGTAGGTGAACCTGCGGAAGGATCATTACCGTTTTTATTATAAAAAAATTAAATTAAAAAAAATTGTAATAATTTTTTTATTTTTTTTTCTCCTTAAAAGGAAAAAAAATAAATAATTATTATAATGAACCTATCTACTCTAAAAATCTCCTTTTTTAGTAAAAAAAACAAAAAACAAAAAAAACCTAAAAATCTCCTTTTAAAGTAATTTTTAAAATAATAAAAAATAAAAACTTTTAACAATGGATGTCTTGGCTCTCGTGTC,283,0.57207406,RMR-078
3,effect_from_Euk_Taxa00127_to_gr,1,gr,Euk_Taxa00127,14,1,-10,15,540,540,0.963784052,0.0102797,0.0015,Taxa00127,3,Eukaryota: Chrysophyceae,Eukaryota,,,,Chrysophyceae,,,,,,,NA,,,,,NA,,,Chrysophyceae sp.,NA,NA,GCACCTACCGATTGGATGATTCGGTGAAACTTTCGGACCGTGTGCAGGACGCTCTCGGGCGACTTGTGCGTGGGAAGTTATTTAAACCTCATCATCTAGAGGAAGGTGAAGTCGTAACAAGGTTTCC,127,0.24485755,CMR-002
4,effect_from_Euk_Taxa00258_to_gr,1,gr,Euk_Taxa00258,14,1,-12,15,540,540,1.014693124,0.010864892,0.0325,Taxa00258,3,Eukaryota: Micronuclearia,Eukaryota,,,,,,,,Rigifilida,,,NA,,,,,NA,Micronuclearia,,Micronuclearia podoventralis,NA,NA,GCTCCTACCGATTGGATGTTCCGGTGAAATCTTGGGATTGCGGCGATGTAGCTAGCAATAGCCGCGACGTTGCGAGAACTTGCTTAAACCTTAACATCTAGAGGAAGGAGAAGTCGTAACAAGGTTTCC,129,0.29097554,CMR-002
5,effect_from_Euk_Taxa00012_to_gr,1,gr,Euk_Taxa00012,15,1,-14,16,535,535,0.841434783,0.011292178,0.0235,Taxa00012,3,Eukaryota: Collodictyon,Eukaryota,,,,,,,,,,,NA,,Collodictyonidae,,,NA,Collodictyon,,Collodictyon triciliatum,NA,NA,GCTCCTACCGATTGAATGATCCGGTGAAATTTTCGGACTTTGATTTTATTAAATCGAAAGGTTTAGTTTTAAATTAAAGGAAGTTACTTAAACCTTATCATTTAGAGGAAGGAGAAGTCGTAACAAGGTTTCC,133,0.72445867,CMR-002
6,effect_from_Inv_Taxa00140_to_gr,2,gr,Inv_Taxa00140,13,1,-5,14,545,545,0.852216923,0.013689884,0.024,Taxa00140,3,Eukaryota: Poterioochromonas,Eukaryota,,,,Synurophyceae,,,,Ochromonadales,,,,,Ochromonadaceae,,,NA,Poterioochromonas,,Poterioochromonas malhamensis,NA,NA,TTTATCTAGTATTCAAGCTCATTCAGGACCTTCTATTGATTTAGCTATCTTCAGCTTACATTTATCTGGAGCAGCTTCTATTTTAGGTTCTATAAATTTTATTACTACTATTTTTAATATGAGAGCGCCTGGTATGTTAATGCATAGATTACCTTTATATGTATGGTCTGTATTAGTAACATCTTTTTTATTAGTACTTTCATTACCTGTATTAGGGGGTGGAATTACCATGTTATTAACAGACAGAAACTTCAATACAACTTTCTTTGACCCTTGTGGAGGAGGAGACCCAATACTATATCAACATTTATTC,313,0.25492693,RMR-099
7,effect_from_Euk_Taxa00263_to_gr,3,gr,Euk_Taxa00263,15,1,-8,16,535,535,1.068938159,0.020567212,0.0135,Taxa00263,3,Eukaryota: Polymyxa,Eukaryota,,,,,,,,Plasmodiophorida,,,NA,,Plasmodiophoridae,,,NA,Polymyxa,,Polymyxa graminis,NA,NA,GCTTCTACCGATTGGTCGTCCCGGTGAACAATCGGGAGGGCGCGCGCCAGGTCAGCAATGGCCGGCGCGCGTCCGAACTTTTGTAAATTTGGACGACTAGAGGAAGAAGAAGTCGTAACAAGGTTTCC,128,0.37173352,CMR-002
8,effect_from_Inv_Taxa00075_to_gr,1,gr,Inv_Taxa00075,14,1,-11,15,540,540,0.994200169,0.004427789,0.01,Taxa00075,5,Insecta: Culicidae,Eukaryota,Metazoa,,Arthropoda,Insecta,Pterygota,Neoptera,,Diptera,Nematocera,Culicomorpha,,Culicoidea,Culicidae,Culicinae,Aedini,NA,Aedes,Finlaya,Aedes japonicus,NA,NA,CCTTTCTTCAGGAACTGCTCATGCAGGAGCTTCAGTAGATTTAACTATTTTTTCTTTACATTTAGCCGGGATTTCCTCAATTTTAGGGGCAGTAAATTTTATTACGACTGTAATTAATATACGATCTGCTGGAATTACTTTAGACCGACTACCTCTATTTGTATGATCTGTAGTAATTACAGCTGTATTATTACTTTTATCTCTCCCTGTATTAGCTGGTGCAATTACTATATTATTAACTGACCGAAACTTAAATACTTCTTTCTTTGACCCAATCGGAGGAGGAGATCCTATTCTTTACCAACATTTATTT,313,0.23288989,RMR-099
9,effect_from_Inv_Taxa00145_to_gr,1,gr,Inv_Taxa00145,15,1,-6,16,535,535,1.05650495,0.004717262,0.016,Taxa00145,5,Insecta: Chironomidae,Eukaryota,Metazoa,,Arthropoda,Insecta,Pterygota,Neoptera,,Diptera,Nematocera,Culicomorpha,,Chironomoidea,Chironomidae,Chironominae,Chironomini,NA,Chironomus,Chironomus,Chironomus kiiensis,NA,NA,TTTATCAGCCGCGATTGCTCACAGAGGAGCATCTGTTGATCTAGCTATTTTTTCTCTCCATTTAGCAGGAGTTTCTTCTATTTTAGGATCAGTAAATTTTATTACGACAGTAATTAATATACGAGCAAATGGTATTACTTTAGATCGAATACCTTTATTTGTCTGATCTGTTGTTATTACGACAGTTCTTTTATTACTTTCGCTTCCAGTTTTAGCAGGAGCAATTACTATATTATTAACTGACCGAAATTTAAATACTTCATTTTTTGACCCAGCGGGAGGAGGGGATCCTATTCTTTACCAACACTTATTT,313,0.25702627,RMR-099
10,effect_from_Inv_Taxa00176_to_gr,1,gr,Inv_Taxa00176,15,1,-2,16,535,535,1.037372365,0.006753756,0.041,Taxa00176,5,Insecta: Chironomidae,Eukaryota,Metazoa,,Arthropoda,Insecta,Pterygota,Neoptera,,Diptera,Nematocera,Culicomorpha,,Chironomoidea,Chironomidae,Chironominae,Chironomini,NA,Chironomus,Chironomus,Chironomus kiiensis,NA,NA,TTTATCAGCCGCGATTGCTCATAGAGGAGCATCTGTTGATCTAGCTATTTTTTCTCTCCATTTAGCAGGAGTTTCTTCTATTTTAGGATCAGTAAATTTTATTACGACAGTAATTAATATACGAGCAAATGGTATTACTTTAGATCGAATACCTTTATTTGTCTGATCTGTTGTTATTACGACAGTTCTTTTATTACTTTCGCTTCCAGTTTTAGCAGGAGCAATTACTATATTATTAACTGACCGAAATTTAAATACTTCATTTTTTGACCCAGCGGGAGGAGGGGATCCTATTCTTTACCAACACTTATTC,313,0.2431284,RMR-099
11,effect_from_Inv_Taxa00042_to_gr,1,gr,Inv_Taxa00042,15,1,-4,16,535,535,0.838730361,0.0080169,0.019,Taxa00042,5,Insecta: Chironomidae,Eukaryota,Metazoa,,Arthropoda,Insecta,Pterygota,Neoptera,,Diptera,Nematocera,Culicomorpha,,Chironomoidea,Chironomidae,Chironominae,Chironomini,NA,Chironomus,Chironomus,Chironomus kiiensis,NA,NA,CTTATCCGCAGCTATTGCACACAGAGGAGCTTCGGTAGACCTGGCTATTTTTTCTCTTCATTTAGCGGGAGTATCATCAATTCTAGGGTCAGTAAATTTTATTACTACAGTAATTAATATACGAGCAAATGGAATTACTTTAGATCGAATACCTTTATTTGTATGATCTGTTGTCATTACTACTGTTCTTCTTTTACTGTCTCTTCCAGTTTTAGCAGGAGCAATTACAATATTATTAACAGATCGAAATTTAAATACATCTTTTTTTGACCCAGCTGGAGGAGGGGACCCAATTCTTTATCAACACTTATTC,313,0.7344799,RMR-099
12,effect_from_Inv_Taxa00093_to_gr,1,gr,Inv_Taxa00093,15,1,-3,16,535,535,1.04920169,0.008603938,0.0035,Taxa00093,5,Insecta: Chironomidae,Eukaryota,Metazoa,,Arthropoda,Insecta,Pterygota,Neoptera,,Diptera,Nematocera,Culicomorpha,,Chironomoidea,Chironomidae,Chironominae,Chironomini,NA,Polypedilum,Polypedilum,Polypedilum nubifer,NA,NA,CTTATCAGCAAGAATTGCACATAGAGGTGCCTCAGTAGATCTTGCTATTTTCTCTCTTCATCTTGCAGGGGTTTCTTCAATTTTAGGGTCAGTAAATTTTATTACAACAGTAATTAATATGCGATCAAGAGGAATTACCCTAGACCGAATACCATTATTTGTGTGATCTATTGTTATTACTACAGTTCTACTTCTTCTTTCATTACCAGTATTAGCTGGAGCTATCACAATACTATTAACTGACCGAAATTTAAATACTTCATTTTTTGACCCAGCTGGTGGAGGTGACCCTATTCTTTACCAACACCTATTT,313,0.25034597,RMR-099
13,effect_from_Inv_Taxa00057_to_gr,1,gr,Inv_Taxa00057,15,1,-3,16,535,535,1.046829666,0.008866934,0.002,Taxa00057,5,Insecta: Chironomidae,Eukaryota,Metazoa,,Arthropoda,Insecta,Pterygota,Neoptera,,Diptera,Nematocera,Culicomorpha,,Chironomoidea,Chironomidae,Chironominae,Chironomini,NA,Chironomus,Chironomus,Chironomus kiiensis,NA,NA,TTTATCAGCCGCGATTGCTCACAGAGGAGCATCTGTTGATCTAGCTATTTTTTCTCTCCATTTAGCAGGAGTTTCTTCTATTTTAGGATCAGTAAATTTTATTACGACAGTAATTAATATACGAGCAAATGGTATTACTTTAGATCGAATACCTTTATTTGTCTGATCTGTTGTTATTACGACAGTTCTTTTATTACTTTCGCTTCCAGTTTTAGCAGGAGCAATTACTATATTATTAACTGACCGAAATTTAAATACTTCATTTTTTGACCCAGCGGGAGGAGGGGATCCTATTCTTTACCAACACTTATTC,313,0.35584352,RMR-099
14,effect_from_Inv_Taxa00096_to_gr,1,gr,Inv_Taxa00096,13,1,-13,14,540,540,1.001797387,0.014443169,0.001,Taxa00096,5,Insecta: Chironomidae,Eukaryota,Metazoa,,Arthropoda,Insecta,Pterygota,Neoptera,,Diptera,Nematocera,Culicomorpha,,Chironomoidea,Chironomidae,Chironominae,Chironomini,NA,Polypedilum,Polypedilum,Polypedilum convexum,NA,NA,ATTATCTGCTAGAATTGCTCATAGAGGAGCTTCTGTAGATTTAGCAATTTTTTCTTTACACCTAGCAGGTGTCTCTTCTATTTTAGGGTCAGTAAATTTTATTACCACAATTATTAATATACGATCAAACGGAATTACTTTAGATCGAATACCTTTATTTGTTTGATCAATTTTAATTACTACTATTCTTCTTTTATTATCATTACCTGTATTAGCCGGAGCTATTACTATATTATTAACAGATCGAAACTTAAATACTTCATTTTTTGACCCTGCAGGAGGAGGAGACCCAATTTTATACCAACATTTATTT,313,0.49459806,RMR-099
15,effect_from_Inv_Taxa00024_to_gr,1,gr,Inv_Taxa00024,13,1,-13,14,540,540,0.957758516,0.015454637,0.0035,Taxa00024,5,Insecta: Culicidae,Eukaryota,Metazoa,,Arthropoda,Insecta,Pterygota,Neoptera,,Diptera,Nematocera,Culicomorpha,,Culicoidea,Culicidae,Culicinae,Aedini,NA,Aedes,Finlaya,Aedes japonicus,NA,NA,CCTTTCTTCAGGAACTGCTCATGCAGGAGCTTCAGTAGATTTAACTATTTTTTCTTTACATTTAGCCGGGATTTCCTCAATTTTAGGAGCAGTAAATTTTATTACGACTGTAATTAATATACGATCTGCTGGAATTACTTTAGACCGACTACCTTTATTTGTATGATCTGTAGTAATTACAGCTGTATTATTACTTTTATCTCTCCCTGTATTAGCTGGTGCAATTACTATATTATTAACTGACCGAAACTTAAATACTTCTTTCTTTGACCCAATTGGAGGAGGAGACCCTATTCTTTACCAACATTTATTT,313,0.56017178,RMR-099
16,effect_from_Inv_Taxa00139_to_gr,1,gr,Inv_Taxa00139,15,1,-8,16,535,535,1.064849392,0.016361455,0.005,Taxa00139,5,Insecta: Chironomidae,Eukaryota,Metazoa,,Arthropoda,Insecta,Pterygota,Neoptera,,Diptera,Nematocera,Culicomorpha,,Chironomoidea,Chironomidae,Chironominae,Chironomini,NA,Chironomus,Chironomus,Chironomus kiiensis,NA,NA,TTTATCAGCCGCGATTGCTCACAGAGGAGCATCTGTTGATCTAGCTATTTTTTCTCTCCATTTAGCAGGAGTTTCTTCTATTTTAGGATCAGTAAATTTTATTACGACAGTAATTAATATACGAGCAAATGGTATTACTTTAGATCGAATACCTTTATTTGTCTGATCTGTTGTTATTACGACAGTTCTTTTATTACTTTCGCTTCCAGTTTTAGCAGGAGCAATTACTATGTTATTAACTGACCGAAATTTAAATACTTCATTTTTTGACCCAGCGGGAGGAGGGGATCCTATTCTTTACCAACACTTATTC,313,0.26091317,RMR-099
17,effect_from_Fungi_Taxa00538_to_gr,1,gr,Fungi_Taxa00538,15,1,0,16,535,535,1.062281876,0.003135239,0.0035,Taxa00538,2,Fungi: Ascomycota,Eukaryota,Fungi,Dikarya,Ascomycota,Eurotiomycetes,Eurotiomycetidae,NA,NA,Eurotiales,,NA,NA,NA,Aspergillaceae,,,,Penicillium,NA,Penicillium citrinum,,,AAGTCGTAACAAGGTTTCCGTAGGTGAACCTGCGGAAGGATCATTATTGAAAGTAAACTGTAGTCGGTTGAGCTGGTTCCTCTGGAACATGTGCTCGCCTTCTGCGCTTTCTACCTATCCACCTGTGCACTTATGTAGACGGTAGATCAATCTCTCCGCAAGGAGGATGGGAGACTCGAGTTAGCAATAGCTCTTGACTCTAAAGATCTATCCGTCTATGTTACACATACACTTTTAAAAACTTTGAATGTCTGTATTATCGGTCTTTGACCTTTAAACATATACAACTTTCAGCAACGGATCTCTTGGCTCTCGCATC,319,0.26847532,RMR-078
18,effect_from_Fungi_Taxa01029_to_gr,1,gr,Fungi_Taxa01029,15,1,-6,16,535,535,0.988412827,0.003953216,0.021,Taxa01029,2,Fungi: Ascomycota,Eukaryota,Fungi,Dikarya,Ascomycota,Dothideomycetes,Pleosporomycetidae,NA,NA,Pleosporales,Massarineae,NA,NA,NA,Didymosphaeriaceae,,,,Paracamarosporium,NA,Paracamarosporium hawaiiense,,,AAGTCGTAACAAGGTTTCCGTAGGTGAACCTGCGGAAGGATCATTATCTATAACCGGGTGTGGCTGCGGCCTCCGGGGGCGTGTCTCCCGGGTGGTAGAGGTAGAACTCGCACGCGCCACATGTCTGAATCCTTTTTTTACGAGCACCTTTCGTTCTCCTTCGGTGGGGTGACCTGCCGTTGGAACCCATCAAAACTCTTTTTGCATCTAGCATTACCTGTTCTGATACAAACAATCGTTACAACTTTCAACAATGGATCTCTTGGCTCTGGCATC,276,0.23017623,RMR-078
19,effect_from_Fungi_Taxa00131_to_gr,1,gr,Fungi_Taxa00131,15,1,-14,16,535,535,0.989826163,0.007667465,0.0045,Taxa00131,2,Fungi: Ascomycota,Eukaryota,Fungi,Dikarya,Ascomycota,Sordariomycetes,Sordariomycetidae,NA,NA,Diaporthales,,NA,NA,NA,Diaporthaceae,,,,Diaporthe,NA,Diaporthe sp. CZ-2018,,,AAGTCGTAACAAGGTCTCCGTTGGTGAACCAGCGGAGGGATCATTAAAAAGCGAGTCTCGCGACTCTCAAACCCTATGTGAACTTATTCATGTCTGAGCTGCTTCGGCAGGGCGTTTCGAAAGAAGCACCTGCCGGCCGGCTCGCCAACCAAACTCTTTGTTAATCTATGGACCTCTGAGTTAAAAACAAAATTTATTAAAACTTTCAACAACGGATCTCTTGGTTCTGGCATC,234,0.23322759,RMR-078
20,effect_from_Fungi_Taxa00649_to_gr,2,gr,Fungi_Taxa00649,15,1,-8,16,535,535,0.937127787,0.008898017,0.0105,Taxa00649,2,Fungi: Ascomycota,Eukaryota,Fungi,Dikarya,Ascomycota,Sordariomycetes,Hypocreomycetidae,NA,NA,Hypocreales,,NA,NA,NA,Bionectriaceae,,,,Hydropisphaera,NA,Hydropisphaera erubescens,,,AAGTCGTAACAAGGTCTCCGTTGGTGAACCAGCGGAGGGATCATTACTGAGTGTAAAAACTCCCAAACCCATTGTGAACATACCACTGTTGCTTCGGCGGATGCGCCCCGGGCGCGCTCCTCACAGGGCGTGCCCCGGAACCAGGCGCCCGCCGGGGGACCGAAACTCTTGTTTTTATAGGATCTCTGAGTGTGATTATAAAATAAATCAAAACTTTCAACAACGGATCTCTTGGCTCTAGCATC,245,0.31254073,RMR-078
21,effect_from_Fungi_Taxa00119_to_gr,2,gr,Fungi_Taxa00119,15,1,-14,16,535,535,0.785762331,0.009986322,0.0345,Taxa00119,2,Fungi: Ascomycota,Eukaryota,Fungi,Dikarya,Ascomycota,Dothideomycetes,Pleosporomycetidae,NA,NA,Pleosporales,Pleosporineae,NA,NA,NA,Phaeosphaeriaceae,,,,Ophiosphaerella,NA,Ophiosphaerella agrostidis,,,AAGTCGTAACAAGGTTTCCGTAGGTGAACCTGCGGAAGGATCATTACATTAGAACATAGGCCCCAAGCTGTAGCAATACAGCCCAAAGGCCTCTTCTATTACCCTTGTTTTTTGAGTACCTATGTTTCCTTGGTGGGCTTGCCTGCCAATAGGACAAACTATTAAACCTTTTTTAATTTTCAATCAGCGTCTGAATAAACTTTAATAATTACAACTTTCAACAACGGATCTCTTGGTTCTGGCATC,246,0.74983981,RMR-078
22,effect_from_Fungi_Taxa00206_to_gr,2,gr,Fungi_Taxa00206,15,1,-3,16,535,535,1.006220526,0.011044639,0.041,Taxa00206,2,Fungi: Ascomycota,Eukaryota,Fungi,Dikarya,Ascomycota,Dothideomycetes,Pleosporomycetidae,NA,NA,Pleosporales,Pleosporineae,NA,NA,NA,Phaeosphaeriaceae,,,,Ophiosphaerella,NA,Ophiosphaerella agrostidis,,,AAGTCGTAACAAGGTTTCCGTAGGTGAACCTGCGGAAGGATCATTACATTAGAACATAGGCCCAAAGCTGTAGCAATACTGCCCAAAGGCCTCTTCTATTACCCTTGTTTTTTGAGTACCTATGTTTCCTTGGTGGGCTTGCCTGCCAACAGGACAAACTATTAAACCTTTTTTAATTTTCAATCAGCGTCTGAATAAACTTTAATAATTACAACTTTCAACAACGGATCTCTTGGTTCTGGCATC,246,0.54628226,RMR-078
23,effect_from_Fungi_Taxa00815_to_gr,3,gr,Fungi_Taxa00815,15,1,-13,16,535,535,0.866646749,0.011308071,0.0035,Taxa00815,2,Fungi: Ascomycota,Eukaryota,Fungi,Dikarya,Ascomycota,Dothideomycetes,Dothideomycetidae,NA,NA,Capnodiales,,NA,NA,NA,Mycosphaerellaceae,,,,Zymoseptoria,NA,Zymoseptoria verkleyi,,,AAGTCGTAACAAGGTCTCCGTAGGTGAACCTGCGGAGGGATCATTACCGAGTGAGGGCCTCCGGGTCCGACCTCCAACCCTTTGTGAACACATCCCGTTGCTTCGGGGGCGACCCTGCCGGGCGCCCCCGGAGGACCACACAACACTGCATCTTTGCGTCGGAGTTTACGAGTAAATCGAAACAAAACTTTCAACAACGGATCTCTTGGTTCTGGCATC,219,0.23643703,RMR-078
24,effect_from_Fungi_Taxa00019_to_gr,1,gr,Fungi_Taxa00019,15,1,-6,16,535,535,0.918546375,0.01306724,0.0185,Taxa00019,2,Fungi: Ascomycota,Eukaryota,Fungi,Dikarya,Ascomycota,Sordariomycetes,Hypocreomycetidae,NA,NA,Hypocreales,,NA,NA,NA,Sarocladiaceae,,,,Sarocladium,NA,Sarocladium implicatum,,,AAGTCGTAACAAGGTCTCCGTTGGTGAACCAGCGGAGGGATCATTACCAGAGAGCCTTTTGGCACTCCAACCCATTGTGAACATACCTACGTTTCCCTCGGCGGGCTCAGCGCGAGGCGGTCTTCCGCCCTCGCGTCCGCCGGGGGCACCCAAACTCGAATTTATATCGTGTATCTCTGAGGGGCGAAAGCCCGTAAAACAAATGAATCAAAACTTTCAACAACGGATCTCTTGGCTCTGGCATC,245,0.23803971,RMR-078
25,effect_from_Fungi_Taxa00073_to_gr,5,gr,Fungi_Taxa00073,14,1,-14,15,535,535,0.908346912,0.022283215,0.0065,Taxa00073,2,Fungi: Ascomycota,Eukaryota,Fungi,Dikarya,Ascomycota,Dothideomycetes,Pleosporomycetidae,NA,NA,Pleosporales,Pleosporineae,NA,NA,NA,Didymellaceae,,,,Epicoccum,NA,Epicoccum nigrum,,,AAGTCGTAACAAGGTTTCCGTAGGTGAACCTGCGGAAGGATCATTACCTAGAGTTTGCAGACTTCGGTCTGCTACCTCTTACCCATGTCTTTTGAGTACCTTCGTTTCCTCGGCGGGTCCGCCCGCCGGTTGGACAACATTCAAACCCTTTGCAGTTGCAATCAGCGTCTGAAAAAACATAATAGTTACAACTTTCAACAACGGATCTCTTGGTTCTGGCATC,223,0.56099231,RMR-078
26,effect_from_Inv_Taxa00254_to_gr,1,gr,Inv_Taxa00254,13,1,-3,14,545,545,1.006823099,0.019764645,0.001,Taxa00254,4,Bacillariophyta,Eukaryota,,,Bacillariophyta,Bacillariophyceae,,,,Bacillariales,,,,,Bacillariaceae,,,NA,Nitzschia,,Nitzschia palea,NA,NA,TCTGTCTGGAATAATCGCTCATTCCGGTGGTGCTGTTGATCTTGCAATTTTTAGCCTTCATTTATCTGGAGCAGCTTCGATTTTAGGAGCAATTAATTTTATCTGTACTATTATTAATATGCGAACAGAAAGTTTACCGTTCCACAAATTACCTTTATTTGTTTGGGCCGTTTTTATTACAGCTATCTTACTATTATTATCACTACCTGTATTAGCGTCGGCAATTACGATGTTATTAGCTGATAGAAATTTTAACACAACATTTTTTGACCCTGCGGGTGGTGGTGACCCTGTTTTATACCAGCACTTGTTT,313,0.2498802,RMR-099
27,effect_from_Fungi_Taxa00486_to_gr,1,gr,Fungi_Taxa00486,14,1,-3,15,540,540,1.036452054,0.003048846,0.0265,Taxa00486,2,Fungi: Basidiomycota,Eukaryota,Fungi,Dikarya,Basidiomycota,Ustilaginomycetes,,NA,NA,Ustilaginales,,NA,NA,NA,Ustilaginaceae,,,,Moesziomyces,NA,Moesziomyces aphidis,,,AAGTCGTAACAAGGTATCTGTAGGTGAACCTGCAGATGGATCATTTCGATGAAAACCTTTTTTCTTGAGGTGTGGCTCGCACCTGTCTAACTAAATCGAGCTACCACATTTTAACACGGTTGCATCGGTTGGCTGTCAAACAGTGCGCGCGGCGATTTATTTCGCCTCCCCGCGCATTGCCGAGACGGTCGACATTTACCAAAAACACTGTTGATACCATAGGATTTGAACGTAGATGAAACTCGACTGGTAATGCGGTCGTCTAAAATCTAAAAACAACTTTTGGCAACGGATCTCTTGGTTCTCCCATC,311,0.26643485,RMR-078
28,effect_from_Fungi_Taxa00487_to_gr,1,gr,Fungi_Taxa00487,14,1,-10,15,540,540,0.990423255,0.004544019,0.0355,Taxa00487,2,Fungi: Basidiomycota,Eukaryota,Fungi,Dikarya,Basidiomycota,Agaricomycetes,,NA,NA,Polyporales,,NA,NA,NA,Polyporaceae,,,,Abundisporus,NA,Abundisporus pubertatis,,,AAGTCGTAACAAGGTTTCCGTAGGTGAACCTGCGGAAGGATCATTATCGAGTCTTGACTGGGTTGTAGCTGGCCTTCCGAGGCATGTGCACGCCCGGCTCATCCCACTCTACACCTGTGCACTTACTGTGGGTTTCAGATGGTGGAGCGTTCCTTTACGGGTTCGTGAAGCTGTCCGAGCCTGCGTTTATTATAAACCCTTTAAAGTAACAGAATGTGTATTGCGATGTAACGCATTTATATACAACTTTCAGCAACGGATCTCTTGGCTCTCGCATC,278,0.72152668,RMR-078
29,effect_from_Fungi_Taxa00908_to_gr,1,gr,Fungi_Taxa00908,14,1,-7,15,540,540,1.052908565,0.005654204,0.041,Taxa00908,2,Fungi: Basidiomycota,Eukaryota,Fungi,Dikarya,Basidiomycota,Agaricomycetes,,NA,NA,Hymenochaetales,,NA,NA,NA,,,,,Resinicium,NA,Resinicium pinicola,,,AAGTCGTAACAAGGTTTCCGTAGGTGAACCTGCGGAAGGATCATTAACGAATTTGAAGGGGACGCTGAGCTGGCCCTCCGGGGCATGTGCCCGCTCCCCGTCAGATCCATTGCAACACCTGTGCACTTCAGAGGGAGGGGTCGGTCCCGCCTAACCGCGGGGCCTTCCCCTTCCTCCACTACATCACAAACTCTTGACAGTACCTAGAACGTTGAGTCGCCTGAGACATGGCACAACCTAATACAACTTTCAACAACGGATCTCTCGGCTCTCGCATC,278,0.28053156,RMR-078
30,effect_from_Fungi_Taxa00924_to_gr,1,gr,Fungi_Taxa00924,15,1,-3,16,535,535,1.041577342,0.005876246,0.027,Taxa00924,2,Fungi: Basidiomycota,Eukaryota,Fungi,Dikarya,Basidiomycota,Agaricomycetes,,NA,NA,Polyporales,,NA,NA,NA,Meruliaceae,,,,Phlebia,NA,Phlebia sp.,,,AAGTCGTAACAAGGTTTCCGTAGGTGAACCTGCGGAAGGATCATTAACGAGTTTTGAAATGGGTTGTAGCTGGCCTTCACAGGCATGTGCACACCCTGCTCATCCACTCACTATAACCCCTGTGCACTTATTGTAGGCTTGGTGGGATAATTGGCTGCTTGCAGTCAGTTTGAAAGCCTTGCTTATGTTTTAACATACAAACGCTTCAGTTAAAGAATGTCATTATTATTGTGTATTAACACATGAAATACAACTTTCAGCAACGGATCTCTTGGCTCTCGCATC,285,0.23860442,RMR-078
31,effect_from_Fungi_Taxa00537_to_gr,1,gr,Fungi_Taxa00537,15,1,-6,16,535,535,1.039040022,0.006496608,0.043,Taxa00537,2,Fungi: Basidiomycota,Eukaryota,Fungi,Dikarya,Basidiomycota,Tremellomycetes,,NA,NA,Tremellales,,NA,NA,NA,Rhynchogastremataceae,,,,Papiliotrema,NA,Papiliotrema fuscus,,,AAGTCGTAACAAGGTTTCCGTAGGTGAACCTGCGGAAGGATCATTAATGATTGACCCTCTGGGTCTTATCTTAACATCCCTCACCTCTGTGAACCGTTTGACCTCTGGGTCTTACAAAAAACCATAACAAACATCAGTGTAAAGAACGTCTTGTTATCTTAACAAAAACAAAACTTTCAACAACGGATCTCTTGGCTCTCGCATC,205,0.2758253,RMR-078
32,effect_from_Fungi_Taxa00360_to_gr,1,gr,Fungi_Taxa00360,15,1,-8,16,535,535,1.052616558,0.006706474,0.0035,Taxa00360,2,Fungi: Basidiomycota,Eukaryota,Fungi,Dikarya,Basidiomycota,Agaricomycetes,,NA,NA,Polyporales,,NA,NA,NA,,,,,Diplomitoporus,NA,Diplomitoporus rimosus,,,AAGTCGTAACAAGGTTTCCGTAGGTGAACCTGCGGAAGGATCATTATCGAGTTTGAAAGTGGGCTTTGATGCTGGCGTCTCTCCAGGCGCATGTGCTCAGCCCCGCTCATCCACTCAACCCCTGTGCACTTCGTCGGAGTCAATGGGTCGCTCTTGCGGCTTTTGGCTTTGACTTATCATTTACAAACGCTTTACTTGTCTTGTAGAATGTAATGCCTCTTGTTGGGCGAAATTAAATACAACTTTCAACAACGGATCTCTTGGCTCTCGCATC,274,0.27700159,RMR-078
33,effect_from_Fungi_Taxa00594_to_gr,2,gr,Fungi_Taxa00594,14,1,-10,15,540,540,0.984313157,0.007489318,0.0125,Taxa00594,2,Fungi: Basidiomycota,Eukaryota,Fungi,Dikarya,Basidiomycota,Agaricomycetes,,NA,NA,Polyporales,,NA,NA,NA,Hyphodermataceae,,,,Hyphoderma,NA,Hyphoderma transiens,,,AAGTCGTAACAAGGTTTCCGTAGGTGAACCTGCGGAAGGATCATTAATGAATTCAATTGACAAGGTTGTCGCTGGCCTTCAGGCATGTGCACGCTTTGCTCAAATTCATCCACTTTACCTCTGTGCACCTTTCGTAGTTGGTTCAGTTTAAAAGGGCGTTGTCCTCTGGATCGTGCTATGTATTTTTACAAACTTGTCTGTTTATGAATGTCATTTGCGAGTTATAACGCATATAAATATAACTTTCAGCAACGGATCTCTTGGCTCTCGCATC,274,0.39850545,RMR-078
34,effect_from_Fungi_Taxa00891_to_gr,1,gr,Fungi_Taxa00891,15,1,-7,16,535,535,0.766746394,0.007595181,0.012,Taxa00891,2,Fungi: Basidiomycota,Eukaryota,Fungi,Dikarya,Basidiomycota,Agaricomycetes,,NA,NA,Polyporales,,NA,NA,NA,Polyporaceae,,,,Perenniporia,NA,Perenniporia subacida,,,AAGTCGTAACAAGGTTTCCGTAGGTGAACCTGCGGAAGGATCATTATCGAGTTTTGAAAGGGGTTGTAGCTGGCCTTCTTTGGCACCGTGCACGCCCTGCTCATCCACTCTACACCTGTGCACTCACTGTAGGTTTCAAAGGTGACGCGAGTTTCGGCTCGTGGAGCTTTTGGGCTTACGTTTCACTATAAACGCTTTAGTATCAGAATGTGTATCGCGATGTAACGCATCTATATACAACTTTCAGCAACGGATCTCTTGGCTCTCGCATC,272,0.23386368,RMR-078
35,effect_from_Fungi_Taxa00621_to_gr,3,gr,Fungi_Taxa00621,15,1,-13,16,535,535,0.98726356,0.008899844,0.0065,Taxa00621,2,Fungi: Basidiomycota,Eukaryota,Fungi,Dikarya,Basidiomycota,Agaricomycetes,Agaricomycetidae,NA,NA,Boletales,Tapinellineae,NA,NA,NA,Tapinellaceae,,,,Pseudomerulius,NA,Pseudomerulius curtisii,,,AAGTCGTAACAAGGTTTCCGTAGGTGAACCTGCGGAAGGATCATTATCGATTCTCCTTTGAGTTGTGCTGGCCTTTTAGGCATGTGCACGCTCTAAATCTTATCATACACCTTGTGCACCTGTTTGTGTAGGTCTCTTGAGTGGGACCTATGCTTTTATTGAAAAACACCCCTTGTATGTTTTTGGAATGTCTGTATATGGTCTTTTCTGCCATCTGGTGGAATCGAATATATTATAACTTTCAGCAATGGATCTCTTGGTTCTCGCATC,270,0.26246285,RMR-078
36,effect_from_Fungi_Taxa00912_to_gr,1,gr,Fungi_Taxa00912,15,1,0,16,535,535,1.02565722,0.009346026,0.01,Taxa00912,2,Fungi: Basidiomycota,Eukaryota,Fungi,Dikarya,Basidiomycota,Agaricomycetes,,NA,NA,Polyporales,,NA,NA,NA,Polyporaceae,,,,Yuchengia,NA,Yuchengia narymica,,,AAGTCGTAACAAGGTTTCCGTAGGTGAACCTGCGGAAGGATCATTATCGAGTTTTGAAACGGGTTGTAGCTGGCCTTCTTTGGCACCGTGCACGCCCTGCTCATCCACTCTACACCTGTGCACTTACTGTAGGTTTCAGACGCGATGCGAGTTTAGGCTCGCGGAGCTTATGGGGCTTACGTTTCAACCACAAACGCTTCAGTATCAGAATGTGTATCGCGATGTAACGCATCTAAATACAACTTTCAGCAACGGATCTCTTGGCTCTCGCATC,274,0.34484437,RMR-078
37,effect_from_Fungi_Taxa00723_to_gr,1,gr,Fungi_Taxa00723,15,1,-3,16,535,535,1.02111477,0.009699093,0.0075,Taxa00723,2,Fungi: Basidiomycota,Eukaryota,Fungi,Dikarya,Basidiomycota,Agaricomycetes,,NA,NA,Polyporales,,NA,NA,NA,Steccherinaceae,,,,Nigroporus,NA,Nigroporus vinosus,,,AAGTCGTAACAAGGTTTCCGTAGGTGAACCTGCGGAAGGATCATTATTGAATGAATTCGAGTCTTACGGTTGTCGCTGGCCTCTCGGGGCATGTGCACGCCTGGCTCATTTCCATCCTTCACACCTCTGTGCACTTTCCCATGGGTTGAATGTTCAGTAGTCTCGAAAGAGGCCTTCTGGACTTTTGGCCTGTGTGTTCTACAACATACACCTGTCTGTCTCAGAATGTATACTTGTCATGCATTTAATTGCATATAATACAACTTTCAACAACGGATCTCTTGGCTCTCGCATC,295,0.40984928,RMR-078
38,effect_from_Fungi_Taxa00510_to_gr,1,gr,Fungi_Taxa00510,15,1,-13,16,535,535,1.020447568,0.009825564,0.0325,Taxa00510,2,Fungi: Basidiomycota,Eukaryota,Fungi,Dikarya,Basidiomycota,Agaricomycetes,Agaricomycetidae,NA,NA,Agaricales,,NA,NA,NA,Tricholomataceae,,,,Calyptella,NA,Calyptella capula,,,AAGTCGTAACAAGGTTTCCGTAGGTGAACCTGCGGAAGGATCATTACTGAAGTACTGAAGATTGTAGCTGGCATCTTTGGATGTATGTGCTCATCTTCTCTTCAATCTTACCACCTGTGAACCTTTTGTAGTCTGTGGATGTCAGCTCTCAACTAGCAATAGTTGGATTGAGGGGTTGCCTTACAAGCTCTCCTTGGATGTCCACAGTCTATGTTTATCCATATACTCTGTATGTTTAGAATGTATATCATGGGTCTTTGACCTATAAAACCTTATACAACTTTCAACAACGGATCTCTTGGCTCTCGCATC,312,0.46592544,RMR-078
39,effect_from_Fungi_Taxa00513_to_gr,1,gr,Fungi_Taxa00513,15,1,0,16,535,535,1.043741874,0.010337479,0.029,Taxa00513,2,Fungi: Basidiomycota,Eukaryota,Fungi,Dikarya,Basidiomycota,Tremellomycetes,,NA,NA,Tremellales,,NA,NA,NA,Rhynchogastremataceae,,,,Papiliotrema,NA,Papiliotrema fuscus,,,AAGTCGTAACAAGGTTTCCGTAGGTGAACCTGCGGAAGGATCATTAATGATTGACCCTCTGGGTCTTATCTTAACATCCCTCACCTCTGTGAACCGTTTGACCTCCGGGTCTTACAAAAACCATAACAAACATCAGTGTAAAGAACGTCTTGTTATCTTAACAAAAACAAAACTTTCAACAACGGATCTCTTGGCTCTCGCATC,204,0.28324536,RMR-078
40,effect_from_Fungi_Taxa00373_to_gr,1,gr,Fungi_Taxa00373,14,1,-8,15,540,540,1.031986211,0.011182498,0.022,Taxa00373,2,Fungi: Basidiomycota,Eukaryota,Fungi,Dikarya,Basidiomycota,Microbotryomycetes,,NA,NA,Sporidiobolales,,NA,NA,NA,Sporidiobolaceae,,,,Rhodosporidiobolus,NA,Rhodosporidiobolus sp.,,,AAGTCGTAACAAGGTTTCCGTAGGTGAACCTGCGGAAGGATCATTAGTGAACATAGGACGTCCAACTTAACTTGGAGTCCGAACTCTCACTTTCTAACCCTGTGCATTTGTTTGGGGTAGTAGCCTTTCGGGGCGAATCCCTATTCACTTATAAACACAAAGTCTATGAATGTATTTAATTTTATAACAAAATAAAACTTTCAACAACGGATCTCTTGGCTCTCGCATC,229,0.45724705,RMR-078
41,effect_from_Fungi_Taxa00393_to_gr,1,gr,Fungi_Taxa00393,14,1,-10,15,540,540,0.960801607,0.011357834,0.02,Taxa00393,2,Fungi: Basidiomycota,Eukaryota,Fungi,Dikarya,Basidiomycota,Agaricomycetes,,NA,NA,Polyporales,,NA,NA,NA,Polyporaceae,,,,Trametes,NA,Trametes sanguinea,,,AAGTCGTAACAAGGTTTCCGTAGGTGAACCTGCGGAAGGATCATTAACGAGTTCTGAAAGGGGTTGTAGCTGGCCTTCCGGGGCATGTGCACACCCTGCTCATCCACTCTACACCTGTGCACTTACTGTAGGTTTGGCGTGGGCTTCGGGGCCTCCGGGTCTTTGAGGCATTCTGCCGGCCTATGTATCACTACAAACACATAAAGTAACAGAATGTATTAGCGTCTAACGCATCTAAATACAACTTTCAGCAACGGATCTCTTGGCTCTCGCATC,276,0.56870112,RMR-078
42,effect_from_Fungi_Taxa00467_to_gr,1,gr,Fungi_Taxa00467,15,1,-11,16,535,535,0.981934751,0.011680007,0.0025,Taxa00467,2,Fungi: Basidiomycota,Eukaryota,Fungi,Dikarya,Basidiomycota,Agaricomycetes,,NA,NA,Auriculariales,,NA,NA,NA,Exidiaceae,,,,Exidia,NA,Exidia glandulosa,,,AAGTCGTAACAAGGTTTCCGTAGGTGAACCTGCGGAAGGATCATTAAAGATTCGGGCTTCGGCCTAACCTCTTCAGCTGTGCGCTTCGGCTGCACGCTGTCGAAACCTCTCACACCTGTGCACCTTTTCGGTTGCGGCGTTCGCGTCGCTTCCGCTTTACACATTTTACTACAAAAGTCCAGAATGTCAAAACTATAAACATAATACAACTTTCAACAACGGATCTCTTGGCTCTCGCATC,241,0.3664567,RMR-078
43,effect_from_Fungi_Taxa00259_to_gr,1,gr,Fungi_Taxa00259,14,1,-7,15,540,540,0.967574,0.012416438,0.0285,Taxa00259,2,Fungi: Basidiomycota,Eukaryota,Fungi,Dikarya,Basidiomycota,Agaricomycetes,,NA,NA,Polyporales,,NA,NA,NA,Polyporaceae,,,,Leiotrametes,NA,Leiotrametes lactinea,,,AAGTCGTAACAAGGTTTCCGTAGGTGAACCTGCGGAAGGATCATTAACGAGTTTTGACATGGGTTGTAGCTGGCCTCACGAGGCATGTGCACGCCCTGCTCATCCACTCTACACCTGTGCACTTACTGTAGGTTTGGCGTGGGCTTTCGGGGCCTTCACGGGCTTTGAGAGCATTCTGCCTGCCTATGTATCACTATAAACACTACAAAGTAACAGAATGTAATCGCGTCTAACGCATCTTAATACAACTTTCAGCAACGGATCTCTTGGCTCTCGCATC,280,0.59099055,RMR-078
44,effect_from_Fungi_Taxa00926_to_gr,1,gr,Fungi_Taxa00926,15,1,-7,16,535,535,1.055304732,0.012515391,0.006,Taxa00926,2,Fungi: Basidiomycota,Eukaryota,Fungi,Dikarya,Basidiomycota,Agaricomycetes,,NA,NA,Polyporales,,NA,NA,NA,Polyporaceae,,,,Abundisporus,NA,Abundisporus pubertatis,,,AAGTCGTAACAAGGTTTCCGTAGGTGAACCTGCGGAAGGATCATTATCGAGTCTTGACTGGGTTGTAGCTGGCCTTCCGAGGCATGTGCACGCCCGGCTCATCCCACTCTACACCTGTGCACTTACTGTGGGTTTCAGATGGTGGAGCGTTCCTTTACGGGTTCGCGAAGCTGTCCGAGCCTGCGTTTATTATAAACCCTTTAAAGTAACAGAATGTGTATTGCGATGTAACGCATTTATATACAACTTTCAGCAACGGATCTCTTGGCTCTCGCATC,278,0.31688668,RMR-078
45,effect_from_Fungi_Taxa00657_to_gr,1,gr,Fungi_Taxa00657,15,1,-9,16,535,535,1.008428032,0.012848256,0.016,Taxa00657,2,Fungi: Basidiomycota,Eukaryota,Fungi,Dikarya,Basidiomycota,Agaricomycetes,,NA,NA,Corticiales,,NA,NA,NA,Corticiaceae,,,,Peniophorella,NA,Peniophorella rude,,,AAGTCGTAACAAGGTTTCCGTAGGTGAACCTGCGGAAGGATCATTAATGAGTTTTGAAGTGGGTTTGATGCTGGCCTTACCAGGCATGTGCTCGCCCTACTCTCATCCACTCACACCTGTGCACCTAAAAGCGTTAGAAGATTCATCCCCTTGACCTTCAGGGGTGCGATCCGAGGAAACTTGGTATCGTTGGGTTGAGTTCTCTGCGTTTTACTCTTCTATAAACCCTTGTATGTTATAGAATGTCTAATGGCCTACGGGCTTTAATGAAATACAACTTTCAACAACGGATCTCTTGGCTCTCGCATC,309,0.33152995,RMR-078
46,effect_from_Fungi_Taxa00520_to_gr,1,gr,Fungi_Taxa00520,7,1,-4,8,575,575,0.942875689,0.014187232,0.02,Taxa00520,2,Fungi: Basidiomycota,Eukaryota,Fungi,Dikarya,Basidiomycota,Agaricomycetes,,NA,NA,Hymenochaetales,,NA,NA,NA,,,,,Trichaptum,NA,Trichaptum biforme,,,AAGTCGTAACAAGGTTTCCGTAGGTGAACCTGCGGAAGGATCATTAACGAGTTTTGAAGTGGGCTTGATGCTGGCTTGTAACAGAGCACTGTGCTCAGCCCCGCTCCAATCCATTCAACCCCTGTGCACTATTCGGAGTGTTGCAAGCTGAGACAATGTGGGGAGTGGTCCCGGTTGTATTTCTAATGCGACTTGGGCTTACTTTCAAACGGTCAAGGCTTGTCCTCCGGTTTATATTACAAACACTTTTATTGTCTTGTCGAATGTATTAGCCTCTCGTTAGGCGAAACTTAAATACAACTTTCAACAACGGATCTCTTGGCTCTCGCATC,332,0.43229287,RMR-078
47,effect_from_Fungi_Taxa00785_to_gr,1,gr,Fungi_Taxa00785,15,1,0,16,535,535,1.051418502,0.01556115,0.011,Taxa00785,2,Fungi: Basidiomycota,Eukaryota,Fungi,Dikarya,Basidiomycota,Agaricomycetes,Agaricomycetidae,NA,NA,Agaricales,,NA,NA,NA,Tricholomataceae,,,,Resupinatus,NA,Resupinatus sp. TENN F-63042,,,AAGTCGTAACAAGGTTTCCGTAGGTGAACCTGCGGAAGGATCATTATTGAATTCCAAGTAGAGTTGTTGCTGGCTCCCCGGAGCATGTGCACACTCTACACATATTCAACCACCTGTGAACTTATTGTAGACCTGAGTTTCATTCTCAAGGCAACTTGGATGTGGGGTTGCGGGTCTCTTAGAGATCAGCTTTCCTTGTGATCCTTAGGTCTATGTTTTACAAACCCTTTAAAAAGTTTAGAATGTCATTAATGGCTTCACTGCCTTTAATATAATACAACTTTCAACAACGGATCTCTTGGCTCTCGCATC,312,0.24657312,RMR-078
48,effect_from_Fungi_Taxa00496_to_gr,2,gr,Fungi_Taxa00496,15,1,-6,16,535,535,1.02196084,0.015973472,0.0355,Taxa00496,2,Fungi: Basidiomycota,Eukaryota,Fungi,Dikarya,Basidiomycota,Agaricostilbomycetes,,NA,NA,Agaricostilbales,,NA,NA,NA,Kondoaceae,,,,Kondoa,NA,Kondoa phyllada,,,AAGTCGTAACAAGGTTTTCGTAGGTGAACCTGCGGAAGGATCATTAGTGAAGTTATCAGGGTGCTTTCATTAGGCCCGACTACACTTATTACACACTGTGCACTTGTTTATAAATTGATGGCTTGACTCACATCGAGCTGTCTCTTTATTTCATACACTTGTTAATGGAAAGAAGTTGATAGGATGTAATCAAATTGATTAAACGAAAGTACAACTTTCAGCAACGGATGTCTTGGCTCTCGCATC,246,0.27556973,RMR-078
49,effect_from_Fungi_Taxa00189_to_gr,1,gr,Fungi_Taxa00189,7,1,-14,8,535,535,0.908253696,0.048158317,0.011,Taxa00189,2,Fungi: Basidiomycota,Eukaryota,Fungi,Dikarya,Basidiomycota,Agaricomycetes,,NA,NA,Polyporales,,NA,NA,NA,,,,,Diplomitoporus,NA,Diplomitoporus rimosus,,,AAGTCGTAACAAGGTTTCCGTAGGTGAACCTGCGGAAGGATCATTATCGAGTTTGAAAGTGGGCTTGATGCTGGCGTCTCTCCAGGCGCATGTGCTCAGCCCCGCTCATCCACTCAACCCCTGTGCACTTCGTCGGAGTCAATGGGTCGCTCTTGCGGCTTTTGGCTTTGACTTATCATTTACAAACGCTTTTACTTGTCTTGTAGAATGTAATGCCTCTTGTTGGGCGAAATTAAATACAACTTTCAACAACGGATCTCTTGGCTCTCGCATC,274,0.51183463,RMR-078
50,effect_from_Fungi_Taxa00066_to_gr,1,gr,Fungi_Taxa00066,15,1,-8,16,535,535,0.682479147,0.105293969,0,Taxa00066,2,Fungi: Basidiomycota,Eukaryota,Fungi,Dikarya,Basidiomycota,Microbotryomycetes,,NA,NA,Sporidiobolales,,NA,NA,NA,Sporidiobolaceae,,,,Sporobolomyces,NA,Sporobolomyces sp. (in: Microbotryomycetes),,,AAGTCGTAACAAGGTTTCCGTAGGTGAACCTGCGGAAGGATCATTATTGAAAACAAGGGTGTCCAATTTAACTTGGAACCCGACCTTCTCAATTCTAACTTTGTGCATCTGTATAATGGCGAGCAGTCTTCGGATTGTGAGCCTTCACTTATAAACACTAGTCTATGAATGTAAAATTTTTATAACAAATAAAAACTTTCAACAACGGATCTCTTGGCTCTCGCATC,227,0.6470837,RMR-078
51,effect_from_Prok_Taxa00305_to_gr,2,gr,Prok_Taxa00305,14,1,-8,15,540,540,0.982528526,0.015306456,0.035,Taxa00305,4,Chlorophyta,Eukaryota,Viridiplantae,,Chlorophyta,Chlorophyceae,,NA,NA,Chlamydomonadales,,NA,NA,NA,Chlamydomonadaceae,NA,,NA,Chlamydomonas,NA,Chlamydomonas reinhardtii,NA,NA,TACAGAGGGTGCAAGCGTTGTCCGGAATGATTGGGCGTAAAGCGTCTGTAGGTGGCTCGTAAAGTCTAATGTCAAATACCAGGGCTCAACCTTGGACCGGCATTGGAGTACTCACGAGCTTGAGTACGGTAGAGGCAGAGGGAATTCCATGTGGAGCGGTGAAATGCGTAGAGATATGGAGGAACACCAGTGGCGAAGGCGCTCTGCTGGGCCGAAACTGACACTGAGAGACGAAAGCTGGGGGAGCGAATAGG,254,0.36521172,RMR-076
52,effect_from_Euk_Taxa00226_to_gr,2,gr,Euk_Taxa00226,14,1,-9,15,540,540,1.014117962,0.018984646,0.005,Taxa00226,4,Chlorophyta,Eukaryota,Viridiplantae,,Chlorophyta,Chlorophyceae,,,,Chaetopeltidales,,,NA,,Chaetopeltidaceae,,,NA,Chaetopeltis,,Chaetopeltis orbicularis,NA,NA,GCTCCTACCGATTGGGTGTGCTGGTGAAATGTTCGGATCTTGGGTGGATTTGTTCTCAAGTCCATCCAGAGAAGTTCATTAAACCCTCCCACCTAGAGGAAGGAGAAGTCGTAACAAGGTTTCC,124,0.29965589,CMR-002